ProductID,Fecha,Mes,Unidades,Product_name,Price_PLN_per_unit,PLN
P001,2026-01-01,1,65.52922821044922,Product 001,20.62,1351.212685699463
P001,2026-02-01,2,58.46903991699219,Product 001,20.62,1205.631603088379
P001,2026-03-01,3,54.01337432861328,Product 001,20.62,1113.755778656006
P001,2026-04-01,4,55.46747589111328,Product 001,20.62,1143.739352874756
P001,2026-05-01,5,52.96495056152344,Product 001,20.62,1092.1372805786134
P001,2026-06-01,6,56.9610481262207,Product 001,20.62,1174.5368123626708
P001,2026-07-01,7,64.52490997314453,Product 001,20.62,1330.5036436462403
P001,2026-08-01,8,66.04102325439453,Product 001,20.62,1361.7658995056154
P001,2026-09-01,9,59.92963790893555,Product 001,20.62,1235.749133682251
P001,2026-10-01,10,58.45733642578125,Product 001,20.62,1205.3902770996094
P001,2026-11-01,11,55.53472137451172,Product 001,20.62,1145.1259547424318
P001,2026-12-01,12,55.100196838378906,Product 001,20.62,1136.166058807373
P002,2026-01-01,1,35.03395080566406,Product 002,10.03,351.3905265808105
P002,2026-02-01,2,34.0770149230957,Product 002,10.03,341.7924596786499
P002,2026-03-01,3,32.06230545043945,Product 002,10.03,321.5849236679077
P002,2026-04-01,4,34.047000885009766,Product 002,10.03,341.4914188766479
P002,2026-05-01,5,39.94559097290039,Product 002,10.03,400.6542774581909
P002,2026-06-01,6,42.743526458740234,Product 002,10.03,428.71757038116453
P002,2026-07-01,7,38.81203079223633,Product 002,10.03,389.28466884613033
P002,2026-08-01,8,41.01866149902344,Product 002,10.03,411.41717483520506
P002,2026-09-01,9,39.7998046875,Product 002,10.03,399.19204101562497
P002,2026-10-01,10,39.601356506347656,Product 002,10.03,397.201605758667
P002,2026-11-01,11,43.634944915771484,Product 002,10.03,437.65849750518794
P002,2026-12-01,12,39.6496467590332,Product 002,10.03,397.685956993103
P003,2026-01-01,1,77.27876281738281,Product 003,36.01,2782.808249053955
P003,2026-02-01,2,73.86249542236328,Product 003,36.01,2659.7884601593014
P003,2026-03-01,3,70.35708618164062,Product 003,36.01,2533.558673400879
P003,2026-04-01,4,69.11724853515625,Product 003,36.01,2488.912119750976
P003,2026-05-01,5,74.4521484375,Product 003,36.01,2681.0218652343747
P003,2026-06-01,6,78.4804458618164,Product 003,36.01,2826.0808554840087
P003,2026-07-01,7,76.56999969482422,Product 003,36.01,2757.28568901062
P003,2026-08-01,8,76.72173309326172,Product 003,36.01,2762.7496086883543
P003,2026-09-01,9,71.6315689086914,Product 003,36.01,2579.4527964019776
P003,2026-10-01,10,69.57514953613281,Product 003,36.01,2505.4011347961423
P003,2026-11-01,11,72.2232666015625,Product 003,36.01,2600.7598303222653
P003,2026-12-01,12,70.88214874267578,Product 003,36.01,2552.4661762237547
P004,2026-01-01,1,149.22142028808594,Product 004,28.22,4211.028480529785
P004,2026-02-01,2,131.5684814453125,Product 004,28.22,3712.862546386719
P004,2026-03-01,3,138.4166717529297,Product 004,28.22,3906.118476867676
P004,2026-04-01,4,136.04307556152344,Product 004,28.22,3839.135592346191
P004,2026-05-01,5,129.15042114257812,Product 004,28.22,3644.6248846435547
P004,2026-06-01,6,138.30593872070312,Product 004,28.22,3902.993590698242
P004,2026-07-01,7,144.25485229492188,Product 004,28.22,4070.871931762695
P004,2026-08-01,8,144.53646850585938,Product 004,28.22,4078.8191412353513
P004,2026-09-01,9,137.86546325683594,Product 004,28.22,3890.56337310791
P004,2026-10-01,10,132.6458282470703,Product 004,28.22,3743.265273132324
P004,2026-11-01,11,152.736083984375,Product 004,28.22,4310.212290039062
P004,2026-12-01,12,135.2470703125,Product 004,28.22,3816.67232421875
P005,2026-01-01,1,31.540332794189453,Product 005,84.54,2666.4197344207764
P005,2026-02-01,2,31.029529571533203,Product 005,84.54,2623.236429977417
P005,2026-03-01,3,31.52936363220215,Product 005,84.54,2665.4924014663698
P005,2026-04-01,4,31.029529571533203,Product 005,84.54,2623.236429977417
P005,2026-05-01,5,33.641685485839844,Product 005,84.54,2844.068090972901
P005,2026-06-01,6,34.99253463745117,Product 005,84.54,2958.2688782501223
P005,2026-07-01,7,35.623992919921875,Product 005,84.54,3011.6523614501957
P005,2026-08-01,8,35.015419006347656,Product 005,84.54,2960.203522796631
P005,2026-09-01,9,33.260433197021484,Product 005,84.54,2811.8370224761966
P005,2026-10-01,10,33.260433197021484,Product 005,84.54,2811.8370224761966
P005,2026-11-01,11,31.83698081970215,Product 005,84.54,2691.49835849762
P005,2026-12-01,12,31.83698081970215,Product 005,84.54,2691.49835849762
P006,2026-01-01,1,61.790889739990234,Product 006,35.65,2202.8452192306518
P006,2026-02-01,2,55.816585540771484,Product 006,35.65,1989.8612745285034
P006,2026-03-01,3,56.69951629638672,Product 006,35.65,2021.3377559661865
P006,2026-04-01,4,63.09611892700195,Product 006,35.65,2249.3766397476197
P006,2026-05-01,5,56.22903060913086,Product 006,35.65,2004.564941215515
P006,2026-06-01,6,66.1621322631836,Product 006,35.65,2358.680015182495
P006,2026-07-01,7,60.76490020751953,Product 006,35.65,2166.2686923980714
P006,2026-08-01,8,55.808013916015625,Product 006,35.65,1989.555696105957
P006,2026-09-01,9,55.569122314453125,Product 006,35.65,1981.0392105102537
P006,2026-10-01,10,62.33748245239258,Product 006,35.65,2222.3312494277952
P006,2026-11-01,11,57.94955825805664,Product 006,35.65,2065.9017518997193
P006,2026-12-01,12,61.63410186767578,Product 006,35.65,2197.2557315826416
P007,2026-01-01,1,89.5085220336914,Product 007,15.3,1369.4803871154786
P007,2026-02-01,2,81.7556381225586,Product 007,15.3,1250.8612632751465
P007,2026-03-01,3,76.51758575439453,Product 007,15.3,1170.7190620422364
P007,2026-04-01,4,76.68167114257812,Product 007,15.3,1173.2295684814453
P007,2026-05-01,5,79.99491119384766,Product 007,15.3,1223.9221412658692
P007,2026-06-01,6,83.97651672363281,Product 007,15.3,1284.840705871582
P007,2026-07-01,7,85.95860290527344,Product 007,15.3,1315.1666244506837
P007,2026-08-01,8,87.25438690185547,Product 007,15.3,1334.9921195983886
P007,2026-09-01,9,82.6799087524414,Product 007,15.3,1265.0026039123536
P007,2026-10-01,10,85.55412292480469,Product 007,15.3,1308.9780807495117
P007,2026-11-01,11,85.64794158935547,Product 007,15.3,1310.4135063171386
P007,2026-12-01,12,84.77394104003906,Product 007,15.3,1297.0412979125977
P008,2026-01-01,1,104.64726257324219,Product 008,8.61,901.0129307556152
P008,2026-02-01,2,84.4686508178711,Product 008,8.61,727.2750835418701
P008,2026-03-01,3,97.0424575805664,Product 008,8.61,835.5355597686766
P008,2026-04-01,4,95.66242218017578,Product 008,8.61,823.6534549713134
P008,2026-05-01,5,129.03944396972656,Product 008,8.61,1111.0296125793457
P008,2026-06-01,6,156.7523193359375,Product 008,8.61,1349.6374694824217
P008,2026-07-01,7,137.45887756347656,Product 008,8.61,1183.5209358215332
P008,2026-08-01,8,184.966064453125,Product 008,8.61,1592.5578149414061
P008,2026-09-01,9,107.43024444580078,Product 008,8.61,924.9744046783446
P008,2026-10-01,10,122.46463012695312,Product 008,8.61,1054.4204653930663
P008,2026-11-01,11,114.4771728515625,Product 008,8.61,985.6484582519531
P008,2026-12-01,12,103.44952392578125,Product 008,8.61,890.7004010009765
P009,2026-01-01,1,88.28073120117188,Product 009,45.15,3985.8750137329102
P009,2026-02-01,2,91.1574935913086,Product 009,45.15,4115.760835647583
P009,2026-03-01,3,85.82676696777344,Product 009,45.15,3875.0785285949705
P009,2026-04-01,4,87.28609466552734,Product 009,45.15,3940.9671741485595
P009,2026-05-01,5,102.79816436767578,Product 009,45.15,4641.337121200561
P009,2026-06-01,6,101.29290771484375,Product 009,45.15,4573.3747833251955
P009,2026-07-01,7,107.71467590332031,Product 009,45.15,4863.317617034912
P009,2026-08-01,8,122.68120574951172,Product 009,45.15,5539.056439590454
P009,2026-09-01,9,94.13541412353516,Product 009,45.15,4250.213947677612
P009,2026-10-01,10,94.17400360107422,Product 009,45.15,4251.956262588501
P009,2026-11-01,11,93.8932113647461,Product 009,45.15,4239.278493118286
P009,2026-12-01,12,87.88850402832031,Product 009,45.15,3968.165956878662
P010,2026-01-01,1,84.26558685302734,Product 010,22.46,1892.6050807189943
P010,2026-02-01,2,81.80646514892578,Product 010,22.46,1837.3732072448731
P010,2026-03-01,3,86.98737335205078,Product 010,22.46,1953.7364054870607
P010,2026-04-01,4,87.60259246826172,Product 010,22.46,1967.5542268371582
P010,2026-05-01,5,85.7204818725586,Product 010,22.46,1925.282022857666
P010,2026-06-01,6,89.98466491699219,Product 010,22.46,2021.0555740356447
P010,2026-07-01,7,94.93769073486328,Product 010,22.46,2132.300533905029
P010,2026-08-01,8,99.58561706542969,Product 010,22.46,2236.692959289551
P010,2026-09-01,9,85.65201568603516,Product 010,22.46,1923.7442723083498
P010,2026-10-01,10,86.67481231689453,Product 010,22.46,1946.7162846374513
P010,2026-11-01,11,83.30257415771484,Product 010,22.46,1870.9758155822756
P010,2026-12-01,12,83.49224090576172,Product 010,22.46,1875.2357307434083
P011,2026-01-01,1,59.69767761230469,Product 011,26.96,1609.4493884277344
P011,2026-02-01,2,61.94099426269531,Product 011,26.96,1669.9292053222657
P011,2026-03-01,3,59.93231201171875,Product 011,26.96,1615.7751318359376
P011,2026-04-01,4,57.345558166503906,Product 011,26.96,1546.0362481689453
P011,2026-05-01,5,60.83543014526367,Product 011,26.96,1640.1231967163087
P011,2026-06-01,6,66.5979995727539,Product 011,26.96,1795.4820684814454
P011,2026-07-01,7,64.40569305419922,Product 011,26.96,1736.377484741211
P011,2026-08-01,8,64.48080444335938,Product 011,26.96,1738.4024877929687
P011,2026-09-01,9,59.273990631103516,Product 011,26.96,1598.0267874145509
P011,2026-10-01,10,56.34832763671875,Product 011,26.96,1519.1509130859376
P011,2026-11-01,11,57.160648345947266,Product 011,26.96,1541.0510794067384
P011,2026-12-01,12,60.06665802001953,Product 011,26.96,1619.3971002197266
P012,2026-01-01,1,93.92420959472656,Product 012,18.06,1696.2712252807617
P012,2026-02-01,2,96.26165008544922,Product 012,18.06,1738.4854005432128
P012,2026-03-01,3,89.44754791259766,Product 012,18.06,1615.4227153015136
P012,2026-04-01,4,88.87265014648438,Product 012,18.06,1605.0400616455076
P012,2026-05-01,5,108.15567779541016,Product 012,18.06,1953.2915409851073
P012,2026-06-01,6,106.89156341552734,Product 012,18.06,1930.4616352844237
P012,2026-07-01,7,105.68054962158203,Product 012,18.06,1908.5907261657715
P012,2026-08-01,8,111.25164031982422,Product 012,18.06,2009.2046241760252
P012,2026-09-01,9,89.2742691040039,Product 012,18.06,1612.2933000183104
P012,2026-10-01,10,87.97216033935547,Product 012,18.06,1588.7772157287598
P012,2026-11-01,11,87.33241271972656,Product 012,18.06,1577.2233737182617
P012,2026-12-01,12,94.07798767089844,Product 012,18.06,1699.0484573364256
P013,2026-01-01,1,144.69100952148438,Product 013,8.0,1157.528076171875
P013,2026-02-01,2,146.7622528076172,Product 013,8.0,1174.0980224609375
P013,2026-03-01,3,151.71023559570312,Product 013,8.0,1213.681884765625
P013,2026-04-01,4,157.95132446289062,Product 013,8.0,1263.610595703125
P013,2026-05-01,5,162.856689453125,Product 013,8.0,1302.853515625
P013,2026-06-01,6,160.27093505859375,Product 013,8.0,1282.16748046875
P013,2026-07-01,7,196.9678497314453,Product 013,8.0,1575.7427978515625
P013,2026-08-01,8,279.6319885253906,Product 013,8.0,2237.055908203125
P013,2026-09-01,9,130.83004760742188,Product 013,8.0,1046.640380859375
P013,2026-10-01,10,151.88284301757812,Product 013,8.0,1215.062744140625
P013,2026-11-01,11,118.62484741210938,Product 013,8.0,948.998779296875
P013,2026-12-01,12,186.699462890625,Product 013,8.0,1493.595703125
P014,2026-01-01,1,32.181217193603516,Product 014,56.33,1812.767964515686
P014,2026-02-01,2,31.05935287475586,Product 014,56.33,1749.5733474349975
P014,2026-03-01,3,33.4765510559082,Product 014,56.33,1885.734120979309
P014,2026-04-01,4,31.24170684814453,Product 014,56.33,1759.8453467559814
P014,2026-05-01,5,33.853851318359375,Product 014,56.33,1906.9874447631835
P014,2026-06-01,6,37.1182861328125,Product 014,56.33,2090.873057861328
P014,2026-07-01,7,33.733028411865234,Product 014,56.33,1900.1814904403686
P014,2026-08-01,8,37.02992630004883,Product 014,56.33,2085.8957484817506
P014,2026-09-01,9,32.59092330932617,Product 014,56.33,1835.8467100143432
P014,2026-10-01,10,32.59092330932617,Product 014,56.33,1835.8467100143432
P014,2026-11-01,11,31.27873420715332,Product 014,56.33,1761.9310978889464
P014,2026-12-01,12,31.167490005493164,Product 014,56.33,1755.6647120094299
P015,2026-01-01,1,108.67477416992188,Product 015,40.95,4450.232002258301
P015,2026-02-01,2,107.34931182861328,Product 015,40.95,4395.954319381714
P015,2026-03-01,3,110.27790832519531,Product 015,40.95,4515.880345916748
P015,2026-04-01,4,95.83993530273438,Product 015,40.95,3924.645350646973
P015,2026-05-01,5,116.0960922241211,Product 015,40.95,4754.1349765777595
P015,2026-06-01,6,114.5363540649414,Product 015,40.95,4690.263698959351
P015,2026-07-01,7,117.42565155029297,Product 015,40.95,4808.580430984497
P015,2026-08-01,8,128.4012451171875,Product 015,40.95,5258.030987548828
P015,2026-09-01,9,120.76544189453125,Product 015,40.95,4945.344845581055
P015,2026-10-01,10,111.59430694580078,Product 015,40.95,4569.7868694305425
P015,2026-11-01,11,114.51776123046875,Product 015,40.95,4689.502322387696
P015,2026-12-01,12,103.0899658203125,Product 015,40.95,4221.534100341797
P016,2026-01-01,1,73.90593719482422,Product 016,33.66,2487.673845977783
P016,2026-02-01,2,68.69505310058594,Product 016,33.66,2312.2754873657223
P016,2026-03-01,3,70.26142883300781,Product 016,33.66,2364.999694519043
P016,2026-04-01,4,71.31002807617188,Product 016,33.66,2400.295545043945
P016,2026-05-01,5,69.84473419189453,Product 016,33.66,2350.9737528991695
P016,2026-06-01,6,70.92018127441406,Product 016,33.66,2387.173301696777
P016,2026-07-01,7,81.26522827148438,Product 016,33.66,2735.3875836181637
P016,2026-08-01,8,81.34992218017578,Product 016,33.66,2738.2383805847167
P016,2026-09-01,9,75.11541748046875,Product 016,33.66,2528.384952392578
P016,2026-10-01,10,72.1162109375,Product 016,33.66,2427.4316601562496
P016,2026-11-01,11,71.63064575195312,Product 016,33.66,2411.087536010742
P016,2026-12-01,12,68.75923156738281,Product 016,33.66,2314.435734558105
P017,2026-01-01,1,56.10368347167969,Product 017,46.9,2631.2627548217774
P017,2026-02-01,2,60.90447998046875,Product 017,46.9,2856.4201110839845
P017,2026-03-01,3,55.053958892822266,Product 017,46.9,2582.0306720733643
P017,2026-04-01,4,57.28049087524414,Product 017,46.9,2686.45502204895
P017,2026-05-01,5,62.60020446777344,Product 017,46.9,2935.949589538574
P017,2026-06-01,6,63.284027099609375,Product 017,46.9,2968.0208709716794
P017,2026-07-01,7,60.153350830078125,Product 017,46.9,2821.192153930664
P017,2026-08-01,8,63.59670639038086,Product 017,46.9,2982.6855297088623
P017,2026-09-01,9,55.69404602050781,Product 017,46.9,2612.0507583618164
P017,2026-10-01,10,59.23786163330078,Product 017,46.9,2778.2557106018066
P017,2026-11-01,11,62.77576446533203,Product 017,46.9,2944.1833534240723
P017,2026-12-01,12,58.00713348388672,Product 017,46.9,2720.534560394287
P018,2026-01-01,1,35.10197067260742,Product 018,11.2,393.1420715332031
P018,2026-02-01,2,32.603267669677734,Product 018,11.2,365.1565979003906
P018,2026-03-01,3,34.58796310424805,Product 018,11.2,387.3851867675781
P018,2026-04-01,4,33.75963592529297,Product 018,11.2,378.1079223632812
P018,2026-05-01,5,34.39406204223633,Product 018,11.2,385.21349487304684
P018,2026-06-01,6,41.54878234863281,Product 018,11.2,465.3463623046875
P018,2026-07-01,7,39.8885612487793,Product 018,11.2,446.7518859863281
P018,2026-08-01,8,38.8849983215332,Product 018,11.2,435.51198120117186
P018,2026-09-01,9,37.89573287963867,Product 018,11.2,424.4322082519531
P018,2026-10-01,10,35.736995697021484,Product 018,11.2,400.2543518066406
P018,2026-11-01,11,34.008052825927734,Product 018,11.2,380.8901916503906
P018,2026-12-01,12,35.67988586425781,Product 018,11.2,399.6147216796875
P019,2026-01-01,1,55.776145935058594,Product 019,124.79,6960.305251235963
P019,2026-02-01,2,43.79341125488281,Product 019,124.79,5464.979790496826
P019,2026-03-01,3,42.24290084838867,Product 019,124.79,5271.491596870423
P019,2026-04-01,4,42.42686080932617,Product 019,124.79,5294.447960395813
P019,2026-05-01,5,48.028865814208984,Product 019,124.79,5993.5221649551395
P019,2026-06-01,6,47.30133056640625,Product 019,124.79,5902.733041381836
P019,2026-07-01,7,53.39146423339844,Product 019,124.79,6662.720821685792
P019,2026-08-01,8,50.53075408935547,Product 019,124.79,6305.732802810669
P019,2026-09-01,9,47.01510238647461,Product 019,124.79,5867.014626808167
P019,2026-10-01,10,45.94578170776367,Product 019,124.79,5733.574099311829
P019,2026-11-01,11,44.982582092285156,Product 019,124.79,5613.376419296265
P019,2026-12-01,12,42.915802001953125,Product 019,124.79,5355.46293182373
P020,2026-01-01,1,211.97076416015625,Product 020,22.44,4756.623947753907
P020,2026-02-01,2,200.79580688476562,Product 020,22.44,4505.8579064941405
P020,2026-03-01,3,160.91419982910156,Product 020,22.44,3610.914644165039
P020,2026-04-01,4,187.91098022460938,Product 020,22.44,4216.722396240235
P020,2026-05-01,5,182.49771118164062,Product 020,22.44,4095.248638916016
P020,2026-06-01,6,238.67449951171875,Product 020,22.44,5355.855769042969
P020,2026-07-01,7,287.74505615234375,Product 020,22.44,6456.999060058594
P020,2026-08-01,8,271.2095031738281,Product 020,22.44,6085.941251220704
P020,2026-09-01,9,181.33937072753906,Product 020,22.44,4069.2554791259768
P020,2026-10-01,10,174.40353393554688,Product 020,22.44,3913.615301513672
P020,2026-11-01,11,167.76910400390625,Product 020,22.44,3764.7386938476566
P020,2026-12-01,12,237.11532592773438,Product 020,22.44,5320.86791381836
P021,2026-01-01,1,48.82346725463867,Product 021,37.33,1822.5800326156616
P021,2026-02-01,2,45.66730880737305,Product 021,37.33,1704.7606377792358
P021,2026-03-01,3,47.159149169921875,Product 021,37.33,1760.4510385131834
P021,2026-04-01,4,46.40407180786133,Product 021,37.33,1732.2640005874632
P021,2026-05-01,5,51.321319580078125,Product 021,37.33,1915.8248599243163
P021,2026-06-01,6,53.22164535522461,Product 021,37.33,1986.7640211105345
P021,2026-07-01,7,52.05485534667969,Product 021,37.33,1943.2077500915527
P021,2026-08-01,8,54.61765670776367,Product 021,37.33,2038.8771249008178
P021,2026-09-01,9,49.84566879272461,Product 021,37.33,1860.7388160324097
P021,2026-10-01,10,47.81486511230469,Product 021,37.33,1784.928914642334
P021,2026-11-01,11,47.65168762207031,Product 021,37.33,1778.8374989318847
P021,2026-12-01,12,49.12158203125,Product 021,37.33,1833.7086572265623
P022,2026-01-01,1,47.6959228515625,Product 022,49.88,2379.0726318359375
P022,2026-02-01,2,44.19951248168945,Product 022,49.88,2204.67168258667
P022,2026-03-01,3,41.025760650634766,Product 022,49.88,2046.3649412536622
P022,2026-04-01,4,39.53251647949219,Product 022,49.88,1971.8819219970703
P022,2026-05-01,5,40.4976921081543,Product 022,49.88,2020.0248823547365
P022,2026-06-01,6,46.25049591064453,Product 022,49.88,2306.9747360229494
P022,2026-07-01,7,50.38460922241211,Product 022,49.88,2513.184308013916
P022,2026-08-01,8,49.48417663574219,Product 022,49.88,2468.27073059082
P022,2026-09-01,9,46.19784927368164,Product 022,49.88,2304.3487217712404
P022,2026-10-01,10,45.221683502197266,Product 022,49.88,2255.6575730895997
P022,2026-11-01,11,43.93073654174805,Product 022,49.88,2191.2651387023925
P022,2026-12-01,12,45.92979049682617,Product 022,49.88,2290.9779499816896
P023,2026-01-01,1,57.06287384033203,Product 023,8.0,456.50299072265625
P023,2026-02-01,2,65.36407470703125,Product 023,8.0,522.91259765625
P023,2026-03-01,3,52.46000289916992,Product 023,8.0,419.6800231933594
P023,2026-04-01,4,54.259803771972656,Product 023,8.0,434.07843017578125
P023,2026-05-01,5,64.2421646118164,Product 023,8.0,513.9373168945312
P023,2026-06-01,6,67.44155883789062,Product 023,8.0,539.532470703125
P023,2026-07-01,7,69.1528549194336,Product 023,8.0,553.2228393554688
P023,2026-08-01,8,75.14356994628906,Product 023,8.0,601.1485595703125
P023,2026-09-01,9,63.464508056640625,Product 023,8.0,507.716064453125
P023,2026-10-01,10,59.5193977355957,Product 023,8.0,476.1551818847656
P023,2026-11-01,11,64.86969757080078,Product 023,8.0,518.9575805664062
P023,2026-12-01,12,56.738616943359375,Product 023,8.0,453.908935546875
P024,2026-01-01,1,49.975616455078125,Product 024,100.14,5004.558231811524
P024,2026-02-01,2,47.400543212890625,Product 024,100.14,4746.690397338867
P024,2026-03-01,3,50.90613555908203,Product 024,100.14,5097.740414886474
P024,2026-04-01,4,46.3521842956543,Product 024,100.14,4641.707735366821
P024,2026-05-01,5,57.452674865722656,Product 024,100.14,5753.310861053466
P024,2026-06-01,6,65.81665802001953,Product 024,100.14,6590.880134124756
P024,2026-07-01,7,58.813602447509766,Product 024,100.14,5889.594149093628
P024,2026-08-01,8,59.31108474731445,Product 024,100.14,5939.412026596069
P024,2026-09-01,9,57.40687561035156,Product 024,100.14,5748.724523620605
P024,2026-10-01,10,51.74563217163086,Product 024,100.14,5181.807605667114
P024,2026-11-01,11,54.032772064208984,Product 024,100.14,5410.841794509888
P024,2026-12-01,12,53.13025665283203,Product 024,100.14,5320.4639012146
P025,2026-01-01,1,68.66525268554688,Product 025,29.73,2041.4179623413086
P025,2026-02-01,2,71.86848449707031,Product 025,29.73,2136.6500440979003
P025,2026-03-01,3,62.15557861328125,Product 025,29.73,1847.8853521728515
P025,2026-04-01,4,69.5488510131836,Product 025,29.73,2067.6873406219484
P025,2026-05-01,5,74.98031616210938,Product 025,29.73,2229.164799499512
P025,2026-06-01,6,88.65361785888672,Product 025,29.73,2635.6720589447023
P025,2026-07-01,7,82.92352294921875,Product 025,29.73,2465.3163372802733
P025,2026-08-01,8,94.02501678466797,Product 025,29.73,2795.3637490081787
P025,2026-09-01,9,82.73924255371094,Product 025,29.73,2459.8376811218263
P025,2026-10-01,10,76.06640625,Product 025,29.73,2261.4542578125
P025,2026-11-01,11,72.1395034790039,Product 025,29.73,2144.707438430786
P025,2026-12-01,12,67.26431274414062,Product 025,29.73,1999.768017883301
P026,2026-01-01,1,146.61180114746094,Product 026,8.0,1172.8944091796875
P026,2026-02-01,2,157.7631378173828,Product 026,8.0,1262.1051025390625
P026,2026-03-01,3,152.39129638671875,Product 026,8.0,1219.13037109375
P026,2026-04-01,4,161.36724853515625,Product 026,8.0,1290.93798828125
P026,2026-05-01,5,172.75270080566406,Product 026,8.0,1382.0216064453125
P026,2026-06-01,6,149.29685974121094,Product 026,8.0,1194.3748779296875
P026,2026-07-01,7,158.7018585205078,Product 026,8.0,1269.6148681640625
P026,2026-08-01,8,171.167236328125,Product 026,8.0,1369.337890625
P026,2026-09-01,9,142.6846160888672,Product 026,8.0,1141.4769287109375
P026,2026-10-01,10,157.9484100341797,Product 026,8.0,1263.5872802734375
P026,2026-11-01,11,166.38247680664062,Product 026,8.0,1331.059814453125
P026,2026-12-01,12,138.7594757080078,Product 026,8.0,1110.0758056640625
P027,2026-01-01,1,59.115478515625,Product 027,21.74,1285.1705029296875
P027,2026-02-01,2,58.66321563720703,Product 027,21.74,1275.3383079528808
P027,2026-03-01,3,54.878639221191406,Product 027,21.74,1193.0616166687012
P027,2026-04-01,4,58.46488952636719,Product 027,21.74,1271.0266983032225
P027,2026-05-01,5,65.03889465332031,Product 027,21.74,1413.9455697631836
P027,2026-06-01,6,65.85404968261719,Product 027,21.74,1431.6670401000977
P027,2026-07-01,7,59.40438461303711,Product 027,21.74,1291.4513214874266
P027,2026-08-01,8,60.43751525878906,Product 027,21.74,1313.911581726074
P027,2026-09-01,9,59.455055236816406,Product 027,21.74,1292.5529008483886
P027,2026-10-01,10,60.5074462890625,Product 027,21.74,1315.4318823242186
P027,2026-11-01,11,62.94915771484375,Product 027,21.74,1368.5146887207031
P027,2026-12-01,12,62.76348876953125,Product 027,21.74,1364.4782458496093
P028,2026-01-01,1,69.70423889160156,Product 028,220.81,15391.392989654541
P028,2026-02-01,2,71.59954833984375,Product 028,220.81,15809.896268920898
P028,2026-03-01,3,71.31084442138672,Product 028,220.81,15746.147556686401
P028,2026-04-01,4,67.34584045410156,Product 028,220.81,14870.635030670166
P028,2026-05-01,5,72.64305877685547,Product 028,220.81,16040.313808517456
P028,2026-06-01,6,71.3137435913086,Product 028,220.81,15746.78772239685
P028,2026-07-01,7,72.47783660888672,Product 028,220.81,16003.831101608277
P028,2026-08-01,8,72.509521484375,Product 028,220.81,16010.827438964843
P028,2026-09-01,9,72.2464828491211,Product 028,220.81,15952.745877914429
P028,2026-10-01,10,69.2041015625,Product 028,220.81,15280.957666015625
P028,2026-11-01,11,70.17074584960938,Product 028,220.81,15494.402391052246
P028,2026-12-01,12,67.25245666503906,Product 028,220.81,14850.014956207275
P029,2026-01-01,1,43.12995910644531,Product 029,23.83,1027.7869255065916
P029,2026-02-01,2,43.36334228515625,Product 029,23.83,1033.3484466552734
P029,2026-03-01,3,44.55169677734375,Product 029,23.83,1061.6669342041014
P029,2026-04-01,4,40.58266830444336,Product 029,23.83,967.0849856948852
P029,2026-05-01,5,44.18988800048828,Product 029,23.83,1053.0450310516358
P029,2026-06-01,6,48.89076232910156,Product 029,23.83,1165.06686630249
P029,2026-07-01,7,44.6915397644043,Product 029,23.83,1064.9993925857543
P029,2026-08-01,8,51.594234466552734,Product 029,23.83,1229.4906073379516
P029,2026-09-01,9,47.72292709350586,Product 029,23.83,1137.2373526382446
P029,2026-10-01,10,46.601383209228516,Product 029,23.83,1110.5109618759154
P029,2026-11-01,11,48.676334381103516,Product 029,23.83,1159.9570483016967
P029,2026-12-01,12,47.605411529541016,Product 029,23.83,1134.4369567489623
P030,2026-01-01,1,139.30979919433594,Product 030,9.8,1365.2360321044923
P030,2026-02-01,2,163.62481689453125,Product 030,9.8,1603.5232055664064
P030,2026-03-01,3,163.51100158691406,Product 030,9.8,1602.407815551758
P030,2026-04-01,4,163.21795654296875,Product 030,9.8,1599.535974121094
P030,2026-05-01,5,160.11570739746094,Product 030,9.8,1569.1339324951173
P030,2026-06-01,6,169.51519775390625,Product 030,9.8,1661.2489379882813
P030,2026-07-01,7,164.54428100585938,Product 030,9.8,1612.533953857422
P030,2026-08-01,8,179.7670440673828,Product 030,9.8,1761.7170318603517
P030,2026-09-01,9,148.3389434814453,Product 030,9.8,1453.7216461181642
P030,2026-10-01,10,153.36984252929688,Product 030,9.8,1503.0244567871096
P030,2026-11-01,11,151.41944885253906,Product 030,9.8,1483.9105987548828
P030,2026-12-01,12,151.91790771484375,Product 030,9.8,1488.795495605469
P031,2026-01-01,1,101.34941101074219,Product 031,25.19,2552.991663360596
P031,2026-02-01,2,139.02383422851562,Product 031,25.19,3502.010384216309
P031,2026-03-01,3,103.87945556640625,Product 031,25.19,2616.7234857177737
P031,2026-04-01,4,96.09159088134766,Product 031,25.19,2420.5471743011476
P031,2026-05-01,5,121.58200073242188,Product 031,25.19,3062.650598449707
P031,2026-06-01,6,99.17910766601562,Product 031,25.19,2498.3217221069335
P031,2026-07-01,7,144.5746612548828,Product 031,25.19,3641.8357170104982
P031,2026-08-01,8,127.40110778808594,Product 031,25.19,3209.233905181885
P031,2026-09-01,9,108.30101013183594,Product 031,25.19,2728.1024452209476
P031,2026-10-01,10,113.74899291992188,Product 031,25.19,2865.3371316528323
P031,2026-11-01,11,117.41888427734375,Product 031,25.19,2957.781694946289
P031,2026-12-01,12,91.82174682617188,Product 031,25.19,2312.98980255127
P032,2026-01-01,1,38.56817626953125,Product 032,38.05,1467.5191070556639
P032,2026-02-01,2,32.57963180541992,Product 032,38.05,1239.654990196228
P032,2026-03-01,3,32.92369079589844,Product 032,38.05,1252.7464347839355
P032,2026-04-01,4,33.09552001953125,Product 032,38.05,1259.284536743164
P032,2026-05-01,5,33.83575439453125,Product 032,38.05,1287.450454711914
P032,2026-06-01,6,35.61532974243164,Product 032,38.05,1355.163296699524
P032,2026-07-01,7,39.83649826049805,Product 032,38.05,1515.7787588119506
P032,2026-08-01,8,40.2476806640625,Product 032,38.05,1531.424249267578
P032,2026-09-01,9,40.906742095947266,Product 032,38.05,1556.5015367507933
P032,2026-10-01,10,38.35087203979492,Product 032,38.05,1459.2506811141966
P032,2026-11-01,11,38.15242385864258,Product 032,38.05,1451.69972782135
P032,2026-12-01,12,34.75394821166992,Product 032,38.05,1322.3877294540405
P033,2026-01-01,1,129.6079559326172,Product 033,17.9,2319.9824111938474
P033,2026-02-01,2,123.67449188232422,Product 033,17.9,2213.7734046936034
P033,2026-03-01,3,136.77330017089844,Product 033,17.9,2448.242073059082
P033,2026-04-01,4,123.13905334472656,Product 033,17.9,2204.189054870605
P033,2026-05-01,5,130.64886474609375,Product 033,17.9,2338.614678955078
P033,2026-06-01,6,143.97808837890625,Product 033,17.9,2577.2077819824217
P033,2026-07-01,7,139.60435485839844,Product 033,17.9,2498.9179519653317
P033,2026-08-01,8,145.94248962402344,Product 033,17.9,2612.3705642700193
P033,2026-09-01,9,131.6594696044922,Product 033,17.9,2356.70450592041
P033,2026-10-01,10,125.3076171875,Product 033,17.9,2243.00634765625
P033,2026-11-01,11,124.88809967041016,Product 033,17.9,2235.4969841003417
P033,2026-12-01,12,130.02542114257812,Product 033,17.9,2327.455038452148
P034,2026-01-01,1,159.67745971679688,Product 034,18.13,2894.952344665527
P034,2026-02-01,2,156.91285705566406,Product 034,18.13,2844.830098419189
P034,2026-03-01,3,182.72286987304688,Product 034,18.13,3312.7656307983398
P034,2026-04-01,4,137.4225616455078,Product 034,18.13,2491.4710426330566
P034,2026-05-01,5,181.71408081054688,Product 034,18.13,3294.4762850952147
P034,2026-06-01,6,182.18040466308594,Product 034,18.13,3302.930736541748
P034,2026-07-01,7,180.3944549560547,Product 034,18.13,3270.5514683532715
P034,2026-08-01,8,207.74786376953125,Product 034,18.13,3766.4687701416015
P034,2026-09-01,9,176.3916778564453,Product 034,18.13,3197.981119537353
P034,2026-10-01,10,148.0818634033203,Product 034,18.13,2684.7241835021973
P034,2026-11-01,11,157.18106079101562,Product 034,18.13,2849.6926321411133
P034,2026-12-01,12,171.21104431152344,Product 034,18.13,3104.05623336792
P035,2026-01-01,1,80.66475677490234,Product 035,69.12,5575.547988281251
P035,2026-02-01,2,75.65087127685547,Product 035,69.12,5228.98822265625
P035,2026-03-01,3,72.78125,Product 035,69.12,5030.64
P035,2026-04-01,4,76.68867492675781,Product 035,69.12,5300.7212109375005
P035,2026-05-01,5,91.5709228515625,Product 035,69.12,6329.3821875
P035,2026-06-01,6,88.37781524658203,Product 035,69.12,6108.67458984375
P035,2026-07-01,7,88.92906188964844,Product 035,69.12,6146.7767578125
P035,2026-08-01,8,92.45635223388672,Product 035,69.12,6390.5830664062505
P035,2026-09-01,9,83.47685241699219,Product 035,69.12,5769.9200390625
P035,2026-10-01,10,86.19841766357422,Product 035,69.12,5958.03462890625
P035,2026-11-01,11,84.29541015625,Product 035,69.12,5826.498750000001
P035,2026-12-01,12,83.27552032470703,Product 035,69.12,5756.0039648437505
P036,2026-01-01,1,34.550682067871094,Product 036,53.26,1840.1693269348143
P036,2026-02-01,2,33.68352508544922,Product 036,53.26,1793.9845460510253
P036,2026-03-01,3,39.088844299316406,Product 036,53.26,2081.8718473815916
P036,2026-04-01,4,33.85856246948242,Product 036,53.26,1803.3070371246338
P036,2026-05-01,5,39.56999588012695,Product 036,53.26,2107.4979805755615
P036,2026-06-01,6,38.08374786376953,Product 036,53.26,2028.3404112243652
P036,2026-07-01,7,40.32969665527344,Product 036,53.26,2147.9596438598633
P036,2026-08-01,8,38.543235778808594,Product 036,53.26,2052.8127375793456
P036,2026-09-01,9,38.74164581298828,Product 036,53.26,2063.3800559997558
P036,2026-10-01,10,36.756736755371094,Product 036,53.26,1957.6637995910644
P036,2026-11-01,11,36.011783599853516,Product 036,53.26,1917.987594528198
P036,2026-12-01,12,36.011783599853516,Product 036,53.26,1917.987594528198
P037,2026-01-01,1,269.8254089355469,Product 037,28.38,7657.64510559082
P037,2026-02-01,2,159.24337768554688,Product 037,28.38,4519.32705871582
P037,2026-03-01,3,193.65383911132812,Product 037,28.38,5495.895953979492
P037,2026-04-01,4,174.7115020751953,Product 037,28.38,4958.312428894043
P037,2026-05-01,5,141.21347045898438,Product 037,28.38,4007.6382916259763
P037,2026-06-01,6,204.93441772460938,Product 037,28.38,5816.038775024414
P037,2026-07-01,7,200.78829956054688,Product 037,28.38,5698.37194152832
P037,2026-08-01,8,226.3280487060547,Product 037,28.38,6423.190022277832
P037,2026-09-01,9,217.26309204101562,Product 037,28.38,6165.926552124023
P037,2026-10-01,10,242.35816955566406,Product 037,28.38,6878.124851989746
P037,2026-11-01,11,211.31439208984375,Product 037,28.38,5997.102447509766
P037,2026-12-01,12,200.32859802246094,Product 037,28.38,5685.325611877442
P038,2026-01-01,1,216.4877166748047,Product 038,27.06,5858.157613220214
P038,2026-02-01,2,173.44252014160156,Product 038,27.06,4693.354595031738
P038,2026-03-01,3,138.6958770751953,Product 038,27.06,3753.110433654785
P038,2026-04-01,4,169.07574462890625,Product 038,27.06,4575.189649658203
P038,2026-05-01,5,218.60040283203125,Product 038,27.06,5915.3269006347655
P038,2026-06-01,6,202.1786346435547,Product 038,27.06,5470.95385345459
P038,2026-07-01,7,152.02761840820312,Product 038,27.06,4113.867354125977
P038,2026-08-01,8,166.3008575439453,Product 038,27.06,4500.10120513916
P038,2026-09-01,9,121.60994720458984,Product 038,27.06,3290.765171356201
P038,2026-10-01,10,146.11683654785156,Product 038,27.06,3953.9215969848633
P038,2026-11-01,11,170.3341827392578,Product 038,27.06,4609.242984924316
P038,2026-12-01,12,160.16506958007812,Product 038,27.06,4334.066782836914
P039,2026-01-01,1,137.75672912597656,Product 039,31.81,4382.041553497314
P039,2026-02-01,2,154.28955078125,Product 039,31.81,4907.950610351562
P039,2026-03-01,3,128.36529541015625,Product 039,31.81,4083.3000469970702
P039,2026-04-01,4,133.20004272460938,Product 039,31.81,4237.093359069824
P039,2026-05-01,5,152.48707580566406,Product 039,31.81,4850.613881378174
P039,2026-06-01,6,171.21539306640625,Product 039,31.81,5446.361653442383
P039,2026-07-01,7,153.66534423828125,Product 039,31.81,4888.094600219726
P039,2026-08-01,8,162.9128875732422,Product 039,31.81,5182.258953704833
P039,2026-09-01,9,131.7103271484375,Product 039,31.81,4189.705506591797
P039,2026-10-01,10,131.3598175048828,Product 039,31.81,4178.555794830322
P039,2026-11-01,11,146.1410675048828,Product 039,31.81,4648.747357330322
P039,2026-12-01,12,144.23165893554688,Product 039,31.81,4588.009070739746
P040,2026-01-01,1,71.7904052734375,Product 040,20.59,1478.1644445800782
P040,2026-02-01,2,78.89845275878906,Product 040,20.59,1624.5191423034669
P040,2026-03-01,3,71.4100112915039,Product 040,20.59,1470.3321324920655
P040,2026-04-01,4,67.93682861328125,Product 040,20.59,1398.819301147461
P040,2026-05-01,5,70.22672271728516,Product 040,20.59,1445.9682207489013
P040,2026-06-01,6,86.28118133544922,Product 040,20.59,1776.5295236968993
P040,2026-07-01,7,82.60585021972656,Product 040,20.59,1700.8544560241698
P040,2026-08-01,8,79.80943298339844,Product 040,20.59,1643.2762251281738
P040,2026-09-01,9,75.64291381835938,Product 040,20.59,1557.4875955200196
P040,2026-10-01,10,70.8236312866211,Product 040,20.59,1458.2585681915284
P040,2026-11-01,11,79.56521606445312,Product 040,20.59,1638.2477987670898
P040,2026-12-01,12,77.03819274902344,Product 040,20.59,1586.2163887023926
P041,2026-01-01,1,58.096160888671875,Product 041,28.29,1643.5403915405273
P041,2026-02-01,2,66.76502990722656,Product 041,28.29,1888.7826960754394
P041,2026-03-01,3,61.836769104003906,Product 041,28.29,1749.3621979522704
P041,2026-04-01,4,58.889957427978516,Product 041,28.29,1665.9968956375121
P041,2026-05-01,5,64.51881408691406,Product 041,28.29,1825.2372505187989
P041,2026-06-01,6,73.14125061035156,Product 041,28.29,2069.165979766846
P041,2026-07-01,7,70.34388732910156,Product 041,28.29,1990.0285725402832
P041,2026-08-01,8,74.09307861328125,Product 041,28.29,2096.0931939697266
P041,2026-09-01,9,70.60810089111328,Product 041,28.29,1997.5031742095946
P041,2026-10-01,10,68.4536361694336,Product 041,28.29,1936.5533672332763
P041,2026-11-01,11,68.39320373535156,Product 041,28.29,1934.8437336730956
P041,2026-12-01,12,67.50656127929688,Product 041,28.29,1909.7606185913085
P042,2026-01-01,1,74.00685119628906,Product 042,31.58,2337.1363607788085
P042,2026-02-01,2,61.96072769165039,Product 042,31.58,1956.7197805023193
P042,2026-03-01,3,72.23831176757812,Product 042,31.58,2281.285885620117
P042,2026-04-01,4,75.37040710449219,Product 042,31.58,2380.1974563598633
P042,2026-05-01,5,81.7977523803711,Product 042,31.58,2583.173020172119
P042,2026-06-01,6,81.03489685058594,Product 042,31.58,2559.0820425415036
P042,2026-07-01,7,83.04420471191406,Product 042,31.58,2622.535984802246
P042,2026-08-01,8,79.15784454345703,Product 042,31.58,2499.804730682373
P042,2026-09-01,9,78.15547180175781,Product 042,31.58,2468.1497994995116
P042,2026-10-01,10,76.8546142578125,Product 042,31.58,2427.0687182617185
P042,2026-11-01,11,71.31158447265625,Product 042,31.58,2252.019837646484
P042,2026-12-01,12,73.13504791259766,Product 042,31.58,2309.604813079834
P043,2026-01-01,1,141.07652282714844,Product 043,86.28,12172.082389526367
P043,2026-02-01,2,152.8401336669922,Product 043,86.28,13187.046732788087
P043,2026-03-01,3,140.16790771484375,Product 043,86.28,12093.68707763672
P043,2026-04-01,4,141.9955596923828,Product 043,86.28,12251.376890258789
P043,2026-05-01,5,149.12106323242188,Product 043,86.28,12866.16533569336
P043,2026-06-01,6,167.0093994140625,Product 043,86.28,14409.570981445313
P043,2026-07-01,7,154.8733367919922,Product 043,86.28,13362.471498413086
P043,2026-08-01,8,160.5627899169922,Product 043,86.28,13853.357514038085
P043,2026-09-01,9,138.99913024902344,Product 043,86.28,11992.844957885742
P043,2026-10-01,10,139.42881774902344,Product 043,86.28,12029.918395385743
P043,2026-11-01,11,134.6157989501953,Product 043,86.28,11614.651133422853
P043,2026-12-01,12,144.7127227783203,Product 043,86.28,12485.813721313476
P044,2026-01-01,1,79.65836334228516,Product 044,11.88,946.3413565063477
P044,2026-02-01,2,75.35188293457031,Product 044,11.88,895.1803692626954
P044,2026-03-01,3,70.55974578857422,Product 044,11.88,838.2497799682618
P044,2026-04-01,4,76.20197296142578,Product 044,11.88,905.2794387817383
P044,2026-05-01,5,153.9765625,Product 044,11.88,1829.2415625
P044,2026-06-01,6,116.10291290283203,Product 044,11.88,1379.3026052856446
P044,2026-07-01,7,109.85948181152344,Product 044,11.88,1305.1306439208986
P044,2026-08-01,8,175.33180236816406,Product 044,11.88,2082.9418121337894
P044,2026-09-01,9,105.87274932861328,Product 044,11.88,1257.768262023926
P044,2026-10-01,10,116.6067123413086,Product 044,11.88,1385.287742614746
P044,2026-11-01,11,102.813720703125,Product 044,11.88,1221.427001953125
P044,2026-12-01,12,92.4440689086914,Product 044,11.88,1098.235538635254
P045,2026-01-01,1,44.586090087890625,Product 045,57.69,2572.17153717041
P045,2026-02-01,2,42.62410354614258,Product 045,57.69,2458.984533576965
P045,2026-03-01,3,44.73517990112305,Product 045,57.69,2580.7725284957883
P045,2026-04-01,4,42.03127670288086,Product 045,57.69,2424.7843529891966
P045,2026-05-01,5,42.62765121459961,Product 045,57.69,2459.1891985702514
P045,2026-06-01,6,45.400569915771484,Product 045,57.69,2619.158878440857
P045,2026-07-01,7,46.08007049560547,Product 045,57.69,2658.3592668914794
P045,2026-08-01,8,44.144989013671875,Product 045,57.69,2546.7244161987305
P045,2026-09-01,9,43.889705657958984,Product 045,57.69,2531.997119407654
P045,2026-10-01,10,43.647823333740234,Product 045,57.69,2518.042928123474
P045,2026-11-01,11,41.99534606933594,Product 045,57.69,2422.71151473999
P045,2026-12-01,12,46.74472427368164,Product 045,57.69,2696.7031433486936
P046,2026-01-01,1,93.35916137695312,Product 046,99.94,9330.314588012696
P046,2026-02-01,2,116.5435791015625,Product 046,99.94,11647.365295410156
P046,2026-03-01,3,117.5849380493164,Product 046,99.94,11751.438708648682
P046,2026-04-01,4,94.87774658203125,Product 046,99.94,9482.081993408203
P046,2026-05-01,5,106.53142547607422,Product 046,99.94,10646.750662078857
P046,2026-06-01,6,150.30442810058594,Product 046,99.94,15021.424544372558
P046,2026-07-01,7,119.41411590576172,Product 046,99.94,11934.246743621827
P046,2026-08-01,8,129.54794311523438,Product 046,99.94,12947.021434936523
P046,2026-09-01,9,119.94739532470703,Product 046,99.94,11987.54268875122
P046,2026-10-01,10,101.58699035644531,Product 046,99.94,10152.603816223143
P046,2026-11-01,11,123.94867706298828,Product 046,99.94,12387.43078567505
P046,2026-12-01,12,110.47478485107422,Product 046,99.94,11040.849998016358
P047,2026-01-01,1,159.59043884277344,Product 047,14.99,2392.260678253174
P047,2026-02-01,2,146.35643005371094,Product 047,14.99,2193.882886505127
P047,2026-03-01,3,176.84580993652344,Product 047,14.99,2650.9186909484865
P047,2026-04-01,4,183.18873596191406,Product 047,14.99,2745.999152069092
P047,2026-05-01,5,167.07562255859375,Product 047,14.99,2504.46358215332
P047,2026-06-01,6,209.48965454101562,Product 047,14.99,3140.2499215698244
P047,2026-07-01,7,190.43902587890625,Product 047,14.99,2854.6809979248046
P047,2026-08-01,8,184.35211181640625,Product 047,14.99,2763.4381561279297
P047,2026-09-01,9,140.22314453125,Product 047,14.99,2101.9449365234377
P047,2026-10-01,10,184.7222137451172,Product 047,14.99,2768.9859840393065
P047,2026-11-01,11,145.09881591796875,Product 047,14.99,2175.0312506103514
P047,2026-12-01,12,163.17974853515625,Product 047,14.99,2446.0644305419924
P048,2026-01-01,1,103.49356079101562,Product 048,32.77,3391.4839871215822
P048,2026-02-01,2,126.40168762207031,Product 048,32.77,4142.183303375245
P048,2026-03-01,3,89.7862777709961,Product 048,32.77,2942.2963225555422
P048,2026-04-01,4,86.81609344482422,Product 048,32.77,2844.9633821868897
P048,2026-05-01,5,91.53207397460938,Product 048,32.77,2999.5060641479495
P048,2026-06-01,6,160.32257080078125,Product 048,32.77,5253.7706451416025
P048,2026-07-01,7,121.32198333740234,Product 048,32.77,3975.7213939666754
P048,2026-08-01,8,122.46837615966797,Product 048,32.77,4013.28868675232
P048,2026-09-01,9,99.61376190185547,Product 048,32.77,3264.342977523804
P048,2026-10-01,10,92.47135162353516,Product 048,32.77,3030.2861927032473
P048,2026-11-01,11,109.1326904296875,Product 048,32.77,3576.27826538086
P048,2026-12-01,12,73.67627716064453,Product 048,32.77,2414.3716025543217
P049,2026-01-01,1,72.68366241455078,Product 049,34.43,2502.4984969329835
P049,2026-02-01,2,67.51848602294922,Product 049,34.43,2324.6614737701416
P049,2026-03-01,3,68.41259002685547,Product 049,34.43,2355.445474624634
P049,2026-04-01,4,69.88027954101562,Product 049,34.43,2405.978024597168
P049,2026-05-01,5,81.62335968017578,Product 049,34.43,2810.2922737884523
P049,2026-06-01,6,81.86377716064453,Product 049,34.43,2818.569847640991
P049,2026-07-01,7,86.8646240234375,Product 049,34.43,2990.7490051269533
P049,2026-08-01,8,84.334228515625,Product 049,34.43,2903.6274877929686
P049,2026-09-01,9,81.82444763183594,Product 049,34.43,2817.2157319641115
P049,2026-10-01,10,76.41470336914062,Product 049,34.43,2630.958236999512
P049,2026-11-01,11,72.47859954833984,Product 049,34.43,2495.4381824493407
P049,2026-12-01,12,72.47859954833984,Product 049,34.43,2495.4381824493407
P050,2026-01-01,1,32.15135192871094,Product 050,25.24,811.500122680664
P050,2026-02-01,2,33.79113006591797,Product 050,25.24,852.8881228637695
P050,2026-03-01,3,32.99514389038086,Product 050,25.24,832.7974317932128
P050,2026-04-01,4,31.192813873291016,Product 050,25.24,787.3066221618652
P050,2026-05-01,5,33.80495834350586,Product 050,25.24,853.2371485900878
P050,2026-06-01,6,39.05430603027344,Product 050,25.24,985.7306842041015
P050,2026-07-01,7,39.71088790893555,Product 050,25.24,1002.3028108215332
P050,2026-08-01,8,43.288177490234375,Product 050,25.24,1092.5935998535156
P050,2026-09-01,9,38.189781188964844,Product 050,25.24,963.9100772094725
P050,2026-10-01,10,37.497764587402344,Product 050,25.24,946.4435781860351
P050,2026-11-01,11,35.253597259521484,Product 050,25.24,889.8007948303222
P050,2026-12-01,12,33.35433578491211,Product 050,25.24,841.8634352111816
P051,2026-01-01,1,34.211944580078125,Product 051,19.91,681.1598165893555
P051,2026-02-01,2,31.515003204345703,Product 051,19.91,627.4637137985229
P051,2026-03-01,3,37.50122833251953,Product 051,19.91,746.6494561004639
P051,2026-04-01,4,34.47593688964844,Product 051,19.91,686.4159034729004
P051,2026-05-01,5,38.07011413574219,Product 051,19.91,757.9759724426269
P051,2026-06-01,6,38.56877517700195,Product 051,19.91,767.9043137741089
P051,2026-07-01,7,36.84511947631836,Product 051,19.91,733.5863287734985
P051,2026-08-01,8,36.60000228881836,Product 051,19.91,728.7060455703736
P051,2026-09-01,9,33.940773010253906,Product 051,19.91,675.7607906341552
P051,2026-10-01,10,39.579124450683594,Product 051,19.91,788.0203678131104
P051,2026-11-01,11,34.685726165771484,Product 051,19.91,690.5928079605103
P051,2026-12-01,12,34.44060516357422,Product 051,19.91,685.7124488067627
P052,2026-01-01,1,45.335662841796875,Product 052,13.47,610.6713784790039
P052,2026-02-01,2,50.248451232910156,Product 052,13.47,676.8466381072998
P052,2026-03-01,3,45.24102783203125,Product 052,13.47,609.396644897461
P052,2026-04-01,4,48.24543380737305,Product 052,13.47,649.8659933853149
P052,2026-05-01,5,52.461524963378906,Product 052,13.47,706.6567412567139
P052,2026-06-01,6,63.48414993286133,Product 052,13.47,855.1314995956421
P052,2026-07-01,7,57.13368225097656,Product 052,13.47,769.5906999206543
P052,2026-08-01,8,63.753414154052734,Product 052,13.47,858.7584886550903
P052,2026-09-01,9,55.63678741455078,Product 052,13.47,749.427526473999
P052,2026-10-01,10,52.15565872192383,Product 052,13.47,702.536722984314
P052,2026-11-01,11,52.29872512817383,Product 052,13.47,704.4638274765015
P052,2026-12-01,12,51.408607482910156,Product 052,13.47,692.4739427947999
P053,2026-01-01,1,56.95961380004883,Product 053,8.0,455.6769104003906
P053,2026-02-01,2,64.705322265625,Product 053,8.0,517.642578125
P053,2026-03-01,3,64.39984130859375,Product 053,8.0,515.19873046875
P053,2026-04-01,4,58.471012115478516,Product 053,8.0,467.7680969238281
P053,2026-05-01,5,63.095947265625,Product 053,8.0,504.767578125
P053,2026-06-01,6,68.43177795410156,Product 053,8.0,547.4542236328125
P053,2026-07-01,7,68.12610626220703,Product 053,8.0,545.0088500976562
P053,2026-08-01,8,75.21701049804688,Product 053,8.0,601.736083984375
P053,2026-09-01,9,66.67498779296875,Product 053,8.0,533.39990234375
P053,2026-10-01,10,63.784114837646484,Product 053,8.0,510.2729187011719
P053,2026-11-01,11,65.42726135253906,Product 053,8.0,523.4180908203125
P053,2026-12-01,12,64.30859375,Product 053,8.0,514.46875
P054,2026-01-01,1,77.94303894042969,Product 054,43.84,3417.022827148438
P054,2026-02-01,2,75.3951187133789,Product 054,43.84,3305.3220043945316
P054,2026-03-01,3,73.3702392578125,Product 054,43.84,3216.5512890625005
P054,2026-04-01,4,75.309326171875,Product 054,43.84,3301.5608593750003
P054,2026-05-01,5,90.32522583007812,Product 054,43.84,3959.857900390625
P054,2026-06-01,6,95.99833679199219,Product 054,43.84,4208.567084960938
P054,2026-07-01,7,89.6720199584961,Product 054,43.84,3931.221354980469
P054,2026-08-01,8,95.20222473144531,Product 054,43.84,4173.665532226562
P054,2026-09-01,9,88.53196716308594,Product 054,43.84,3881.241440429688
P054,2026-10-01,10,86.92250061035156,Product 054,43.84,3810.6824267578127
P054,2026-11-01,11,84.72359466552734,Product 054,43.84,3714.282390136719
P054,2026-12-01,12,84.41744995117188,Product 054,43.84,3700.8610058593754
P055,2026-01-01,1,73.39655303955078,Product 055,8.0,587.1724243164062
P055,2026-02-01,2,73.606201171875,Product 055,8.0,588.849609375
P055,2026-03-01,3,73.45184326171875,Product 055,8.0,587.61474609375
P055,2026-04-01,4,75.07149505615234,Product 055,8.0,600.5719604492188
P055,2026-05-01,5,77.87916564941406,Product 055,8.0,623.0333251953125
P055,2026-06-01,6,83.71755981445312,Product 055,8.0,669.740478515625
P055,2026-07-01,7,83.29558563232422,Product 055,8.0,666.3646850585938
P055,2026-08-01,8,85.03313446044922,Product 055,8.0,680.2650756835938
P055,2026-09-01,9,81.3077163696289,Product 055,8.0,650.4617309570312
P055,2026-10-01,10,77.32877349853516,Product 055,8.0,618.6301879882812
P055,2026-11-01,11,72.61839294433594,Product 055,8.0,580.9471435546875
P055,2026-12-01,12,73.9240951538086,Product 055,8.0,591.3927612304688
P056,2026-01-01,1,177.384033203125,Product 056,41.77,7409.331066894531
P056,2026-02-01,2,207.10055541992188,Product 056,41.77,8650.590199890137
P056,2026-03-01,3,171.2193145751953,Product 056,41.77,7151.830769805909
P056,2026-04-01,4,189.86891174316406,Product 056,41.77,7930.824443511963
P056,2026-05-01,5,215.9088134765625,Product 056,41.77,9018.511138916016
P056,2026-06-01,6,186.7711944580078,Product 056,41.77,7801.4327925109865
P056,2026-07-01,7,217.48272705078125,Product 056,41.77,9084.253508911133
P056,2026-08-01,8,236.18283081054688,Product 056,41.77,9865.356842956544
P056,2026-09-01,9,214.39730834960938,Product 056,41.77,8955.375569763184
P056,2026-10-01,10,213.3338165283203,Product 056,41.77,8910.95351638794
P056,2026-11-01,11,205.07626342773438,Product 056,41.77,8566.035523376466
P056,2026-12-01,12,213.50527954101562,Product 056,41.77,8918.115526428222
P057,2026-01-01,1,71.03874206542969,Product 057,56.61,4021.5031883239744
P057,2026-02-01,2,74.66580963134766,Product 057,56.61,4226.8314832305905
P057,2026-03-01,3,72.6281509399414,Product 057,56.61,4111.479624710083
P057,2026-04-01,4,69.05236053466797,Product 057,56.61,3909.0541298675535
P057,2026-05-01,5,75.23049926757812,Product 057,56.61,4258.798563537598
P057,2026-06-01,6,76.42815399169922,Product 057,56.61,4326.597797470093
P057,2026-07-01,7,73.06393432617188,Product 057,56.61,4136.14932220459
P057,2026-08-01,8,75.95221710205078,Product 057,56.61,4299.655010147095
P057,2026-09-01,9,72.436767578125,Product 057,56.61,4100.645412597656
P057,2026-10-01,10,69.8130111694336,Product 057,56.61,3952.1145623016355
P057,2026-11-01,11,73.05547332763672,Product 057,56.61,4135.670345077515
P057,2026-12-01,12,73.31178283691406,Product 057,56.61,4150.180026397705
P058,2026-01-01,1,113.68329620361328,Product 058,13.14,1493.7985121154786
P058,2026-02-01,2,117.38491821289062,Product 058,13.14,1542.437825317383
P058,2026-03-01,3,128.00108337402344,Product 058,13.14,1681.934235534668
P058,2026-04-01,4,117.33899688720703,Product 058,13.14,1541.8344190979005
P058,2026-05-01,5,129.72816467285156,Product 058,13.14,1704.6280838012697
P058,2026-06-01,6,150.6475830078125,Product 058,13.14,1979.5092407226564
P058,2026-07-01,7,138.30780029296875,Product 058,13.14,1817.3644958496095
P058,2026-08-01,8,148.7642822265625,Product 058,13.14,1954.7626684570314
P058,2026-09-01,9,127.32012939453125,Product 058,13.14,1672.9865002441406
P058,2026-10-01,10,125.76392364501953,Product 058,13.14,1652.5379566955567
P058,2026-11-01,11,120.83106231689453,Product 058,13.14,1587.720158843994
P058,2026-12-01,12,120.01515197753906,Product 058,13.14,1576.9990969848634
P059,2026-01-01,1,82.98863220214844,Product 059,43.47,3607.5158418273927
P059,2026-02-01,2,76.10062408447266,Product 059,43.47,3308.0941289520265
P059,2026-03-01,3,78.19751739501953,Product 059,43.47,3399.2460811614988
P059,2026-04-01,4,80.69435119628906,Product 059,43.47,3507.7834465026854
P059,2026-05-01,5,79.43488311767578,Product 059,43.47,3453.034369125366
P059,2026-06-01,6,86.39835357666016,Product 059,43.47,3755.7364299774167
P059,2026-07-01,7,84.68354797363281,Product 059,43.47,3681.1938304138184
P059,2026-08-01,8,85.17155456542969,Product 059,43.47,3702.4074769592285
P059,2026-09-01,9,82.25811767578125,Product 059,43.47,3575.760375366211
P059,2026-10-01,10,79.0145492553711,Product 059,43.47,3434.7624561309813
P059,2026-11-01,11,79.27609252929688,Product 059,43.47,3446.131742248535
P059,2026-12-01,12,81.18926239013672,Product 059,43.47,3529.297236099243
P060,2026-01-01,1,152.99676513671875,Product 060,48.73,7455.532365112304
P060,2026-02-01,2,169.19912719726562,Product 060,48.73,8245.073468322753
P060,2026-03-01,3,162.63035583496094,Product 060,48.73,7924.977239837646
P060,2026-04-01,4,170.37310791015625,Product 060,48.73,8302.281548461913
P060,2026-05-01,5,161.77003479003906,Product 060,48.73,7883.053795318603
P060,2026-06-01,6,177.04446411132812,Product 060,48.73,8627.37673614502
P060,2026-07-01,7,187.14590454101562,Product 060,48.73,9119.619928283691
P060,2026-08-01,8,199.92459106445312,Product 060,48.73,9742.3253225708
P060,2026-09-01,9,149.76300048828125,Product 060,48.73,7297.951013793945
P060,2026-10-01,10,156.69288635253906,Product 060,48.73,7635.644351959228
P060,2026-11-01,11,150.09593200683594,Product 060,48.73,7314.174766693115
P060,2026-12-01,12,169.15567016601562,Product 060,48.73,8242.955807189941
P061,2026-01-01,1,34.42095184326172,Product 061,48.77,1678.709821395874
P061,2026-02-01,2,35.108734130859375,Product 061,48.77,1712.252963562012
P061,2026-03-01,3,32.55413055419922,Product 061,48.77,1587.664947128296
P061,2026-04-01,4,31.793132781982422,Product 061,48.77,1550.5510857772829
P061,2026-05-01,5,40.221885681152344,Product 061,48.77,1961.6213646698
P061,2026-06-01,6,37.78358459472656,Product 061,48.77,1842.7054206848145
P061,2026-07-01,7,36.186279296875,Product 061,48.77,1764.804841308594
P061,2026-08-01,8,36.186279296875,Product 061,48.77,1764.804841308594
P061,2026-09-01,9,36.06121063232422,Product 061,48.77,1758.7052425384522
P061,2026-10-01,10,34.07651901245117,Product 061,48.77,1661.9118322372437
P061,2026-11-01,11,35.74705123901367,Product 061,48.77,1743.3836889266968
P061,2026-12-01,12,35.74705123901367,Product 061,48.77,1743.3836889266968
P062,2026-01-01,1,67.2770767211914,Product 062,20.42,1373.7979066467287
P062,2026-02-01,2,62.63974380493164,Product 062,20.42,1279.1035684967042
P062,2026-03-01,3,56.56937789916992,Product 062,20.42,1155.14669670105
P062,2026-04-01,4,57.60222625732422,Product 062,20.42,1176.2374601745607
P062,2026-05-01,5,64.14048767089844,Product 062,20.42,1309.7487582397462
P062,2026-06-01,6,70.47248840332031,Product 062,20.42,1439.0482131958008
P062,2026-07-01,7,70.69430541992188,Product 062,20.42,1443.5777166748048
P062,2026-08-01,8,73.32159423828125,Product 062,20.42,1497.2269543457032
P062,2026-09-01,9,68.6924057006836,Product 062,20.42,1402.698924407959
P062,2026-10-01,10,63.59349060058594,Product 062,20.42,1298.579078063965
P062,2026-11-01,11,67.02108001708984,Product 062,20.42,1368.5704539489748
P062,2026-12-01,12,67.31238555908203,Product 062,20.42,1374.5189131164552
P063,2026-01-01,1,126.63143157958984,Product 063,37.07,4694.227168655396
P063,2026-02-01,2,135.92942810058594,Product 063,37.07,5038.903899688721
P063,2026-03-01,3,131.22117614746094,Product 063,37.07,4864.368999786377
P063,2026-04-01,4,126.62879943847656,Product 063,37.07,4694.129595184326
P063,2026-05-01,5,127.03595733642578,Product 063,37.07,4709.222938461304
P063,2026-06-01,6,139.7517547607422,Product 063,37.07,5180.597548980713
P063,2026-07-01,7,151.23446655273438,Product 063,37.07,5606.261675109863
P063,2026-08-01,8,166.39231872558594,Product 063,37.07,6168.16325515747
P063,2026-09-01,9,123.79176330566406,Product 063,37.07,4588.960665740967
P063,2026-10-01,10,120.85498809814453,Product 063,37.07,4480.094408798218
P063,2026-11-01,11,115.12789916992188,Product 063,37.07,4267.791222229004
P063,2026-12-01,12,120.59638214111328,Product 063,37.07,4470.507885971069
P064,2026-01-01,1,78.27455139160156,Product 064,33.18,2597.14961517334
P064,2026-02-01,2,73.30879974365234,Product 064,33.18,2432.3859754943846
P064,2026-03-01,3,75.9085922241211,Product 064,33.18,2518.647089996338
P064,2026-04-01,4,72.88439178466797,Product 064,33.18,2418.3041194152834
P064,2026-05-01,5,75.61286163330078,Product 064,33.18,2508.8347489929197
P064,2026-06-01,6,81.86844635009766,Product 064,33.18,2716.3950498962404
P064,2026-07-01,7,88.7738265991211,Product 064,33.18,2945.5155665588377
P064,2026-08-01,8,91.92839050292969,Product 064,33.18,3050.183996887207
P064,2026-09-01,9,85.72035217285156,Product 064,33.18,2844.2012850952146
P064,2026-10-01,10,81.05767059326172,Product 064,33.18,2689.493510284424
P064,2026-11-01,11,77.31793975830078,Product 064,33.18,2565.40924118042
P064,2026-12-01,12,74.57537841796875,Product 064,33.18,2474.4110559082033
P065,2026-01-01,1,126.3248062133789,Product 065,15.55,1964.350736618042
P065,2026-02-01,2,124.32949829101562,Product 065,15.55,1933.323698425293
P065,2026-03-01,3,131.63963317871094,Product 065,15.55,2046.996295928955
P065,2026-04-01,4,122.82151794433594,Product 065,15.55,1909.874604034424
P065,2026-05-01,5,135.98190307617188,Product 065,15.55,2114.5185928344727
P065,2026-06-01,6,159.0364532470703,Product 065,15.55,2473.0168479919435
P065,2026-07-01,7,157.40151977539062,Product 065,15.55,2447.5936325073244
P065,2026-08-01,8,148.6710968017578,Product 065,15.55,2311.8355552673343
P065,2026-09-01,9,124.73989868164062,Product 065,15.55,1939.7054244995118
P065,2026-10-01,10,137.50726318359375,Product 065,15.55,2138.237942504883
P065,2026-11-01,11,124.47845458984375,Product 065,15.55,1935.6399688720703
P065,2026-12-01,12,134.03799438476562,Product 065,15.55,2084.2908126831057
P066,2026-01-01,1,119.61631774902344,Product 066,19.2,2296.63330078125
P066,2026-02-01,2,91.63751983642578,Product 066,19.2,1759.440380859375
P066,2026-03-01,3,84.70345306396484,Product 066,19.2,1626.306298828125
P066,2026-04-01,4,98.16326904296875,Product 066,19.2,1884.734765625
P066,2026-05-01,5,113.31480407714844,Product 066,19.2,2175.6442382812497
P066,2026-06-01,6,93.82230377197266,Product 066,19.2,1801.388232421875
P066,2026-07-01,7,105.90599060058594,Product 066,19.2,2033.39501953125
P066,2026-08-01,8,102.03277587890625,Product 066,19.2,1959.029296875
P066,2026-09-01,9,84.77978515625,Product 066,19.2,1627.771875
P066,2026-10-01,10,108.03221893310547,Product 066,19.2,2074.218603515625
P066,2026-11-01,11,95.81670379638672,Product 066,19.2,1839.680712890625
P066,2026-12-01,12,80.2364501953125,Product 066,19.2,1540.53984375
P067,2026-01-01,1,115.9342041015625,Product 067,46.38,5377.028386230469
P067,2026-02-01,2,119.75975799560547,Product 067,46.38,5554.457575836182
P067,2026-03-01,3,124.46756744384766,Product 067,46.38,5772.805778045655
P067,2026-04-01,4,113.26729583740234,Product 067,46.38,5253.337180938721
P067,2026-05-01,5,120.67025756835938,Product 067,46.38,5596.686546020508
P067,2026-06-01,6,162.58131408691406,Product 067,46.38,7540.521347351075
P067,2026-07-01,7,136.5133056640625,Product 067,46.38,6331.487116699219
P067,2026-08-01,8,144.8555908203125,Product 067,46.38,6718.402302246094
P067,2026-09-01,9,127.55158996582031,Product 067,46.38,5915.842742614746
P067,2026-10-01,10,116.95287322998047,Product 067,46.38,5424.274260406494
P067,2026-11-01,11,123.80491638183594,Product 067,46.38,5742.072021789551
P067,2026-12-01,12,110.02894592285156,Product 067,46.38,5103.142511901856
P068,2026-01-01,1,106.9678955078125,Product 068,19.01,2033.4596936035157
P068,2026-02-01,2,114.04725646972656,Product 068,19.01,2168.0383454895023
P068,2026-03-01,3,143.03021240234375,Product 068,19.01,2719.0043377685547
P068,2026-04-01,4,121.90216064453125,Product 068,19.01,2317.3600738525392
P068,2026-05-01,5,116.59941864013672,Product 068,19.01,2216.554948348999
P068,2026-06-01,6,136.549560546875,Product 068,19.01,2595.807145996094
P068,2026-07-01,7,130.40975952148438,Product 068,19.01,2479.089528503418
P068,2026-08-01,8,136.46949768066406,Product 068,19.01,2594.285150909424
P068,2026-09-01,9,120.0616455078125,Product 068,19.01,2282.371881103516
P068,2026-10-01,10,116.34307861328125,Product 068,19.01,2211.681924438477
P068,2026-11-01,11,110.52283477783203,Product 068,19.01,2101.039089126587
P068,2026-12-01,12,97.91415405273438,Product 068,19.01,1861.3480685424806
P069,2026-01-01,1,107.30516052246094,Product 069,39.96,4287.914214477539
P069,2026-02-01,2,97.33782958984375,Product 069,39.96,3889.6196704101562
P069,2026-03-01,3,103.5561752319336,Product 069,39.96,4138.104762268066
P069,2026-04-01,4,98.59947967529297,Product 069,39.96,3940.035207824707
P069,2026-05-01,5,98.03977966308594,Product 069,39.96,3917.669595336914
P069,2026-06-01,6,107.95548248291016,Product 069,39.96,4313.90108001709
P069,2026-07-01,7,107.80107879638672,Product 069,39.96,4307.731108703613
P069,2026-08-01,8,104.9405517578125,Product 069,39.96,4193.424448242187
P069,2026-09-01,9,93.91557312011719,Product 069,39.96,3752.866301879883
P069,2026-10-01,10,104.77046966552734,Product 069,39.96,4186.627967834473
P069,2026-11-01,11,95.7278823852539,Product 069,39.96,3825.286180114746
P069,2026-12-01,12,97.84294891357422,Product 069,39.96,3909.804238586426
P070,2026-01-01,1,126.58235168457031,Product 070,30.6,3873.419961547852
P070,2026-02-01,2,161.42013549804688,Product 070,30.6,4939.456146240234
P070,2026-03-01,3,135.7378692626953,Product 070,30.6,4153.578799438476
P070,2026-04-01,4,152.08642578125,Product 070,30.6,4653.84462890625
P070,2026-05-01,5,158.21261596679688,Product 070,30.6,4841.306048583984
P070,2026-06-01,6,166.55117797851562,Product 070,30.6,5096.466046142578
P070,2026-07-01,7,163.75604248046875,Product 070,30.6,5010.934899902344
P070,2026-08-01,8,174.78985595703125,Product 070,30.6,5348.569592285156
P070,2026-09-01,9,124.5589370727539,Product 070,30.6,3811.50347442627
P070,2026-10-01,10,145.17031860351562,Product 070,30.6,4442.211749267578
P070,2026-11-01,11,143.6818084716797,Product 070,30.6,4396.663339233399
P070,2026-12-01,12,144.41983032226562,Product 070,30.6,4419.246807861328
P071,2026-01-01,1,127.7332992553711,Product 071,23.91,3054.103185195923
P071,2026-02-01,2,121.58761596679688,Product 071,23.91,2907.1598977661133
P071,2026-03-01,3,115.67568969726562,Product 071,23.91,2765.8057406616213
P071,2026-04-01,4,111.06169891357422,Product 071,23.91,2655.4852210235595
P071,2026-05-01,5,124.10599517822266,Product 071,23.91,2967.374344711304
P071,2026-06-01,6,127.94828033447266,Product 071,23.91,3059.2433827972413
P071,2026-07-01,7,123.89019012451172,Product 071,23.91,2962.2144458770754
P071,2026-08-01,8,129.28768920898438,Product 071,23.91,3091.2686489868165
P071,2026-09-01,9,112.63540649414062,Product 071,23.91,2693.1125692749024
P071,2026-10-01,10,111.94658660888672,Product 071,23.91,2676.6428858184813
P071,2026-11-01,11,117.52312469482422,Product 071,23.91,2809.977911453247
P071,2026-12-01,12,108.46168518066406,Product 071,23.91,2593.3188926696776
P072,2026-01-01,1,133.94076538085938,Product 072,31.06,4160.200172729492
P072,2026-02-01,2,151.51393127441406,Product 072,31.06,4706.0227053833005
P072,2026-03-01,3,130.1229705810547,Product 072,31.06,4041.6194662475586
P072,2026-04-01,4,130.9927520751953,Product 072,31.06,4068.634879455566
P072,2026-05-01,5,153.78341674804688,Product 072,31.06,4776.512924194336
P072,2026-06-01,6,159.1189727783203,Product 072,31.06,4942.235294494629
P072,2026-07-01,7,151.7848358154297,Product 072,31.06,4714.437000427246
P072,2026-08-01,8,173.50799560546875,Product 072,31.06,5389.158343505859
P072,2026-09-01,9,128.41258239746094,Product 072,31.06,3988.4948092651366
P072,2026-10-01,10,130.66893005371094,Product 072,31.06,4058.5769674682615
P072,2026-11-01,11,150.46229553222656,Product 072,31.06,4673.358899230957
P072,2026-12-01,12,141.6029815673828,Product 072,31.06,4398.18860748291
P073,2026-01-01,1,115.52164459228516,Product 073,36.81,4252.351737442017
P073,2026-02-01,2,65.25193786621094,Product 073,36.81,2401.9238328552246
P073,2026-03-01,3,94.9392318725586,Product 073,36.81,3494.713125228882
P073,2026-04-01,4,124.36360168457031,Product 073,36.81,4577.824178009034
P073,2026-05-01,5,81.13436126708984,Product 073,36.81,2986.5558382415775
P073,2026-06-01,6,105.07444763183594,Product 073,36.81,3867.790417327881
P073,2026-07-01,7,111.2621841430664,Product 073,36.81,4095.5609983062745
P073,2026-08-01,8,98.60501098632812,Product 073,36.81,3629.6504544067384
P073,2026-09-01,9,103.7286376953125,Product 073,36.81,3818.2511535644535
P073,2026-10-01,10,105.0033950805664,Product 073,36.81,3865.1749729156495
P073,2026-11-01,11,86.8232192993164,Product 073,36.81,3195.9627024078372
P073,2026-12-01,12,94.44853973388672,Product 073,36.81,3476.6507476043703
P074,2026-01-01,1,45.821510314941406,Product 074,30.09,1378.769245376587
P074,2026-02-01,2,53.026580810546875,Product 074,30.09,1595.5698165893555
P074,2026-03-01,3,52.210716247558594,Product 074,30.09,1571.020451889038
P074,2026-04-01,4,48.80442810058594,Product 074,30.09,1468.525241546631
P074,2026-05-01,5,53.036033630371094,Product 074,30.09,1595.8542519378661
P074,2026-06-01,6,57.530113220214844,Product 074,30.09,1731.0811067962647
P074,2026-07-01,7,59.311561584472656,Product 074,30.09,1784.6848880767823
P074,2026-08-01,8,61.3055419921875,Product 074,30.09,1844.6837585449218
P074,2026-09-01,9,53.92204666137695,Product 074,30.09,1622.5143840408325
P074,2026-10-01,10,52.03944778442383,Product 074,30.09,1565.866983833313
P074,2026-11-01,11,49.02227020263672,Product 074,30.09,1475.0801103973388
P074,2026-12-01,12,51.04092025756836,Product 074,30.09,1535.8212905502319
P075,2026-01-01,1,52.19136428833008,Product 075,32.7,1706.6576122283936
P075,2026-02-01,2,52.81116485595703,Product 075,32.7,1726.9250907897951
P075,2026-03-01,3,55.980918884277344,Product 075,32.7,1830.5760475158693
P075,2026-04-01,4,57.15229415893555,Product 075,32.7,1868.8800189971926
P075,2026-05-01,5,58.257408142089844,Product 075,32.7,1905.0172462463381
P075,2026-06-01,6,63.226409912109375,Product 075,32.7,2067.503604125977
P075,2026-07-01,7,61.70692825317383,Product 075,32.7,2017.8165538787844
P075,2026-08-01,8,54.803977966308594,Product 075,32.7,1792.090079498291
P075,2026-09-01,9,58.493675231933594,Product 075,32.7,1912.7431800842287
P075,2026-10-01,10,59.91168212890625,Product 075,32.7,1959.1120056152345
P075,2026-11-01,11,58.45429992675781,Product 075,32.7,1911.4556076049807
P075,2026-12-01,12,55.95272445678711,Product 075,32.7,1829.6540897369387
P076,2026-01-01,1,106.96322631835938,Product 076,47.9,5123.538540649414
P076,2026-02-01,2,106.70868682861328,Product 076,47.9,5111.346099090576
P076,2026-03-01,3,98.78900146484375,Product 076,47.9,4731.993170166015
P076,2026-04-01,4,103.1383285522461,Product 076,47.9,4940.3259376525875
P076,2026-05-01,5,114.71385192871094,Product 076,47.9,5494.793507385254
P076,2026-06-01,6,126.60987854003906,Product 076,47.9,6064.613182067871
P076,2026-07-01,7,115.22019958496094,Product 076,47.9,5519.0475601196285
P076,2026-08-01,8,127.1166000366211,Product 076,47.9,6088.88514175415
P076,2026-09-01,9,103.35957336425781,Product 076,47.9,4950.923564147949
P076,2026-10-01,10,100.504150390625,Product 076,47.9,4814.1488037109375
P076,2026-11-01,11,103.38102722167969,Product 076,47.9,4951.9512039184565
P076,2026-12-01,12,104.93651580810547,Product 076,47.9,5026.459107208252
P077,2026-01-01,1,32.00422286987305,Product 077,25.21,806.8264585494995
P077,2026-02-01,2,33.2805290222168,Product 077,25.21,839.0021366500855
P077,2026-03-01,3,31.15692901611328,Product 077,25.21,785.4661804962159
P077,2026-04-01,4,31.65675926208496,Product 077,25.21,798.0669009971618
P077,2026-05-01,5,34.2689094543457,Product 077,25.21,863.9192073440552
P077,2026-06-01,6,34.93756866455078,Product 077,25.21,880.7761060333253
P077,2026-07-01,7,35.52170181274414,Product 077,25.21,895.5021026992798
P077,2026-08-01,8,34.84920883178711,Product 077,25.21,878.548554649353
P077,2026-09-01,9,32.90153503417969,Product 077,25.21,829.44769821167
P077,2026-10-01,10,35.02519607543945,Product 077,25.21,882.9851930618287
P077,2026-11-01,11,34.00654220581055,Product 077,25.21,857.3049290084839
P077,2026-12-01,12,31.58934211730957,Product 077,25.21,796.3673147773743
P078,2026-01-01,1,78.84349060058594,Product 078,33.5,2641.256935119629
P078,2026-02-01,2,43.84906005859375,Product 078,33.5,1468.9435119628906
P078,2026-03-01,3,69.72111511230469,Product 078,33.5,2335.657356262207
P078,2026-04-01,4,70.9207763671875,Product 078,33.5,2375.8460083007812
P078,2026-05-01,5,64.47502899169922,Product 078,33.5,2159.913471221924
P078,2026-06-01,6,69.0408935546875,Product 078,33.5,2312.8699340820312
P078,2026-07-01,7,77.08477020263672,Product 078,33.5,2582.33980178833
P078,2026-08-01,8,62.81022644042969,Product 078,33.5,2104.1425857543945
P078,2026-09-01,9,71.03335571289062,Product 078,33.5,2379.617416381836
P078,2026-10-01,10,93.96629333496094,Product 078,33.5,3147.8708267211914
P078,2026-11-01,11,63.014198303222656,Product 078,33.5,2110.975643157959
P078,2026-12-01,12,68.79505920410156,Product 078,33.5,2304.6344833374023
P079,2026-01-01,1,49.05453872680664,Product 079,24.74,1213.6092881011962
P079,2026-02-01,2,50.178245544433594,Product 079,24.74,1241.409794769287
P079,2026-03-01,3,43.29808044433594,Product 079,24.74,1071.1945101928711
P079,2026-04-01,4,44.373870849609375,Product 079,24.74,1097.809564819336
P079,2026-05-01,5,49.80154037475586,Product 079,24.74,1232.09010887146
P079,2026-06-01,6,50.247169494628906,Product 079,24.74,1243.1149732971191
P079,2026-07-01,7,50.92356491088867,Product 079,24.74,1259.8489958953858
P079,2026-08-01,8,50.79863739013672,Product 079,24.74,1256.7582890319823
P079,2026-09-01,9,47.728763580322266,Product 079,24.74,1180.8096109771727
P079,2026-10-01,10,51.998477935791016,Product 079,24.74,1286.4423441314696
P079,2026-11-01,11,53.226715087890625,Product 079,24.74,1316.828931274414
P079,2026-12-01,12,50.36018753051758,Product 079,24.74,1245.9110395050047
P080,2026-01-01,1,66.1866455078125,Product 080,38.93,2576.6461096191406
P080,2026-02-01,2,68.6982421875,Product 080,38.93,2674.422568359375
P080,2026-03-01,3,52.92402267456055,Product 080,38.93,2060.3322027206423
P080,2026-04-01,4,53.65669250488281,Product 080,38.93,2088.855039215088
P080,2026-05-01,5,84.61668395996094,Product 080,38.93,3294.1275065612795
P080,2026-06-01,6,74.42422485351562,Product 080,38.93,2897.335073547363
P080,2026-07-01,7,69.89386749267578,Product 080,38.93,2720.968261489868
P080,2026-08-01,8,75.93023681640625,Product 080,38.93,2955.9641192626955
P080,2026-09-01,9,62.23115921020508,Product 080,38.93,2422.6590280532837
P080,2026-10-01,10,62.042198181152344,Product 080,38.93,2415.302775192261
P080,2026-11-01,11,75.89537811279297,Product 080,38.93,2954.6070699310303
P080,2026-12-01,12,67.95349884033203,Product 080,38.93,2645.429709854126
P081,2026-01-01,1,33.913307189941406,Product 081,26.21,888.8677814483643
P081,2026-02-01,2,31.40033721923828,Product 081,26.21,823.0028385162353
P081,2026-03-01,3,31.511581420898438,Product 081,26.21,825.9185490417481
P081,2026-04-01,4,35.417259216308594,Product 081,26.21,928.2863640594483
P081,2026-05-01,5,34.012481689453125,Product 081,26.21,891.4671450805664
P081,2026-06-01,6,37.21299743652344,Product 081,26.21,975.3526628112793
P081,2026-07-01,7,37.124637603759766,Product 081,26.21,973.0367515945435
P081,2026-08-01,8,37.69454574584961,Product 081,26.21,987.9740439987183
P081,2026-09-01,9,34.42808151245117,Product 081,26.21,902.3600164413452
P081,2026-10-01,10,36.348854064941406,Product 081,26.21,952.7034650421143
P081,2026-11-01,11,35.18366241455078,Product 081,26.21,922.163791885376
P081,2026-12-01,12,34.61375427246094,Product 081,26.21,907.2264994812012
P082,2026-01-01,1,159.89273071289062,Product 082,49.01,7836.342732238769
P082,2026-02-01,2,162.58676147460938,Product 082,49.01,7968.377179870605
P082,2026-03-01,3,120.47997283935547,Product 082,49.01,5904.723468856811
P082,2026-04-01,4,139.40077209472656,Product 082,49.01,6832.031840362549
P082,2026-05-01,5,162.640625,Product 082,49.01,7971.0170312499995
P082,2026-06-01,6,151.75621032714844,Product 082,49.01,7437.571868133545
P082,2026-07-01,7,173.19886779785156,Product 082,49.01,8488.476510772705
P082,2026-08-01,8,167.40965270996094,Product 082,49.01,8204.747079315186
P082,2026-09-01,9,136.9376678466797,Product 082,49.01,6711.315101165771
P082,2026-10-01,10,135.03468322753906,Product 082,49.01,6618.049824981689
P082,2026-11-01,11,161.5569610595703,Product 082,49.01,7917.9066615295405
P082,2026-12-01,12,143.06857299804688,Product 082,49.01,7011.790762634277
P083,2026-01-01,1,106.13162231445312,Product 083,65.91,6995.135226745605
P083,2026-02-01,2,97.54573822021484,Product 083,65.91,6429.23960609436
P083,2026-03-01,3,97.54573822021484,Product 083,65.91,6429.23960609436
P083,2026-04-01,4,97.40985107421875,Product 083,65.91,6420.283284301758
P083,2026-05-01,5,107.23619079589844,Product 083,65.91,7067.937335357666
P083,2026-06-01,6,135.97335815429688,Product 083,65.91,8962.004035949707
P083,2026-07-01,7,132.2327423095703,Product 083,65.91,8715.460045623779
P083,2026-08-01,8,144.15853881835938,Product 083,65.91,9501.489293518065
P083,2026-09-01,9,130.85801696777344,Product 083,65.91,8624.851898345947
P083,2026-10-01,10,117.13133239746094,Product 083,65.91,7720.12611831665
P083,2026-11-01,11,112.49132537841797,Product 083,65.91,7414.303255691528
P083,2026-12-01,12,107.91156768798828,Product 083,65.91,7112.451426315307
P084,2026-01-01,1,281.5408935546875,Product 084,10.08,2837.93220703125
P084,2026-02-01,2,228.7560577392578,Product 084,10.08,2305.861062011719
P084,2026-03-01,3,223.1011199951172,Product 084,10.08,2248.8592895507813
P084,2026-04-01,4,278.7334899902344,Product 084,10.08,2809.6335791015626
P084,2026-05-01,5,292.4236755371094,Product 084,10.08,2947.6306494140626
P084,2026-06-01,6,262.4524841308594,Product 084,10.08,2645.5210400390624
P084,2026-07-01,7,225.3072052001953,Product 084,10.08,2271.096628417969
P084,2026-08-01,8,247.36148071289062,Product 084,10.08,2493.4037255859375
P084,2026-09-01,9,360.9327087402344,Product 084,10.08,3638.2017041015624
P084,2026-10-01,10,247.29156494140625,Product 084,10.08,2492.698974609375
P084,2026-11-01,11,240.59759521484375,Product 084,10.08,2425.223759765625
P084,2026-12-01,12,222.00112915039062,Product 084,10.08,2237.7713818359375
P085,2026-01-01,1,167.7668914794922,Product 085,81.85,13731.720067596434
P085,2026-02-01,2,155.90538024902344,Product 085,81.85,12760.855373382568
P085,2026-03-01,3,153.8751220703125,Product 085,81.85,12594.678741455078
P085,2026-04-01,4,141.0608673095703,Product 085,81.85,11545.83198928833
P085,2026-05-01,5,156.78082275390625,Product 085,81.85,12832.510342407226
P085,2026-06-01,6,187.63380432128906,Product 085,81.85,15357.82688369751
P085,2026-07-01,7,168.4041748046875,Product 085,81.85,13783.88170776367
P085,2026-08-01,8,167.93458557128906,Product 085,81.85,13745.445829010008
P085,2026-09-01,9,154.83074951171875,Product 085,81.85,12672.896847534179
P085,2026-10-01,10,136.61172485351562,Product 085,81.85,11181.669679260252
P085,2026-11-01,11,147.32716369628906,Product 085,81.85,12058.728348541259
P085,2026-12-01,12,167.865966796875,Product 085,81.85,13739.829382324218
P086,2026-01-01,1,139.54708862304688,Product 086,69.72,9729.223018798828
P086,2026-02-01,2,129.77279663085938,Product 086,69.72,9047.759381103515
P086,2026-03-01,3,125.13619995117188,Product 086,69.72,8724.495860595704
P086,2026-04-01,4,124.2156982421875,Product 086,69.72,8660.318481445312
P086,2026-05-01,5,126.91039276123047,Product 086,69.72,8848.192583312988
P086,2026-06-01,6,139.12850952148438,Product 086,69.72,9700.039683837891
P086,2026-07-01,7,141.87107849121094,Product 086,69.72,9891.251592407227
P086,2026-08-01,8,140.9951629638672,Product 086,69.72,9830.18276184082
P086,2026-09-01,9,127.01317596435547,Product 086,69.72,8855.358628234862
P086,2026-10-01,10,126.29313659667969,Product 086,69.72,8805.157483520508
P086,2026-11-01,11,118.35618591308594,Product 086,69.72,8251.793281860351
P086,2026-12-01,12,120.32280731201172,Product 086,69.72,8388.906125793457
P087,2026-01-01,1,252.3956298828125,Product 087,15.98,4033.2821655273438
P087,2026-02-01,2,198.4358673095703,Product 087,15.98,3171.005159606934
P087,2026-03-01,3,185.78048706054688,Product 087,15.98,2968.7721832275392
P087,2026-04-01,4,170.89614868164062,Product 087,15.98,2730.920455932617
P087,2026-05-01,5,212.7438201904297,Product 087,15.98,3399.6462466430667
P087,2026-06-01,6,223.87803649902344,Product 087,15.98,3577.5710232543947
P087,2026-07-01,7,239.2465057373047,Product 087,15.98,3823.159161682129
P087,2026-08-01,8,253.88771057128906,Product 087,15.98,4057.1256149291994
P087,2026-09-01,9,224.81932067871094,Product 087,15.98,3592.6127444458007
P087,2026-10-01,10,178.2150421142578,Product 087,15.98,2847.87637298584
P087,2026-11-01,11,237.05381774902344,Product 087,15.98,3788.1200076293944
P087,2026-12-01,12,291.30145263671875,Product 087,15.98,4654.997213134766
P088,2026-01-01,1,47.73830795288086,Product 088,172.87,8252.521295814515
P088,2026-02-01,2,47.47903060913086,Product 088,172.87,8207.700021400451
P088,2026-03-01,3,49.897098541259766,Product 088,172.87,8625.711424827576
P088,2026-04-01,4,46.16262435913086,Product 088,172.87,7980.132872962952
P088,2026-05-01,5,51.833412170410156,Product 088,172.87,8960.441961898803
P088,2026-06-01,6,52.59722900390625,Product 088,172.87,9092.482977905274
P088,2026-07-01,7,51.01806640625,Product 088,172.87,8819.493139648437
P088,2026-08-01,8,50.726436614990234,Product 088,172.87,8769.079097633363
P088,2026-09-01,9,53.52312088012695,Product 088,172.87,9252.541906547547
P088,2026-10-01,10,48.205745697021484,Product 088,172.87,8333.327258644103
P088,2026-11-01,11,52.86439514160156,Product 088,172.87,9138.667988128662
P088,2026-12-01,12,52.99613952636719,Product 088,172.87,9161.442639923096
P089,2026-01-01,1,33.0753059387207,Product 089,34.15,1129.521697807312
P089,2026-02-01,2,33.78156661987305,Product 089,34.15,1153.6405000686646
P089,2026-03-01,3,31.176712036132812,Product 089,34.15,1064.6847160339355
P089,2026-04-01,4,31.2879581451416,Product 089,34.15,1068.4837706565856
P089,2026-05-01,5,34.39994430541992,Product 089,34.15,1174.7580980300902
P089,2026-06-01,6,35.068603515625,Product 089,34.15,1197.5928100585936
P089,2026-07-01,7,33.66804122924805,Product 089,34.15,1149.7636079788208
P089,2026-08-01,8,40.75969314575195,Product 089,34.15,1391.943520927429
P089,2026-09-01,9,36.43504333496094,Product 089,34.15,1244.256729888916
P089,2026-10-01,10,35.491641998291016,Product 089,34.15,1212.039574241638
P089,2026-11-01,11,34.00678253173828,Product 089,34.15,1161.3316234588622
P089,2026-12-01,12,34.92173385620117,Product 089,34.15,1192.57721118927
P090,2026-01-01,1,78.51920318603516,Product 090,42.46,3333.925367279053
P090,2026-02-01,2,69.58840942382812,Product 090,42.46,2954.723864135742
P090,2026-03-01,3,69.20133209228516,Product 090,42.46,2938.288560638428
P090,2026-04-01,4,69.22689056396484,Product 090,42.46,2939.3737733459475
P090,2026-05-01,5,71.71797180175781,Product 090,42.46,3045.145082702637
P090,2026-06-01,6,76.3340072631836,Product 090,42.46,3241.1419483947757
P090,2026-07-01,7,74.6741714477539,Product 090,42.46,3170.665319671631
P090,2026-08-01,8,75.67658996582031,Product 090,42.46,3213.2280099487307
P090,2026-09-01,9,69.35211944580078,Product 090,42.46,2944.6909916687014
P090,2026-10-01,10,68.1122817993164,Product 090,42.46,2892.0474851989748
P090,2026-11-01,11,66.31104278564453,Product 090,42.46,2815.566876678467
P090,2026-12-01,12,70.94866943359375,Product 090,42.46,3012.4805041503905
P091,2026-01-01,1,47.514129638671875,Product 091,102.78,4883.502244262695
P091,2026-02-01,2,49.76258850097656,Product 091,102.78,5114.598846130371
P091,2026-03-01,3,50.972843170166016,Product 091,102.78,5238.988821029663
P091,2026-04-01,4,46.954471588134766,Product 091,102.78,4825.980589828491
P091,2026-05-01,5,60.47193145751953,Product 091,102.78,6215.305115203858
P091,2026-06-01,6,53.23860168457031,Product 091,102.78,5471.863481140137
P091,2026-07-01,7,58.842288970947266,Product 091,102.78,6047.81046043396
P091,2026-08-01,8,67.59312438964844,Product 091,102.78,6947.221324768067
P091,2026-09-01,9,59.38604736328125,Product 091,102.78,6103.697947998047
P091,2026-10-01,10,53.161190032958984,Product 091,102.78,5463.907111587525
P091,2026-11-01,11,55.85806655883789,Product 091,102.78,5741.0920809173585
P091,2026-12-01,12,64.94060516357422,Product 091,102.78,6674.595398712158
P092,2026-01-01,1,77.67171478271484,Product 092,17.87,1387.9935431671142
P092,2026-02-01,2,67.6979751586914,Product 092,17.87,1209.7628160858155
P092,2026-03-01,3,74.79165649414062,Product 092,17.87,1336.5269015502931
P092,2026-04-01,4,69.68099975585938,Product 092,17.87,1245.1994656372071
P092,2026-05-01,5,123.31979370117188,Product 092,17.87,2203.7247134399418
P092,2026-06-01,6,116.13219451904297,Product 092,17.87,2075.282316055298
P092,2026-07-01,7,112.46797180175781,Product 092,17.87,2009.8026560974122
P092,2026-08-01,8,107.4409408569336,Product 092,17.87,1919.9696131134035
P092,2026-09-01,9,96.25289916992188,Product 092,17.87,1720.039308166504
P092,2026-10-01,10,90.32695007324219,Product 092,17.87,1614.142597808838
P092,2026-11-01,11,88.02860260009766,Product 092,17.87,1573.0711284637453
P092,2026-12-01,12,88.47956848144531,Product 092,17.87,1581.1298887634277
P093,2026-01-01,1,41.70040512084961,Product 093,12.47,520.0040518569947
P093,2026-02-01,2,35.940757751464844,Product 093,12.47,448.18124916076664
P093,2026-03-01,3,36.98226547241211,Product 093,12.47,461.16885044097904
P093,2026-04-01,4,34.1016731262207,Product 093,12.47,425.2478638839722
P093,2026-05-01,5,35.98008728027344,Product 093,12.47,448.6716883850098
P093,2026-06-01,6,43.0235595703125,Product 093,12.47,536.5037878417969
P093,2026-07-01,7,43.272987365722656,Product 093,12.47,539.6141524505615
P093,2026-08-01,8,40.83028030395508,Product 093,12.47,509.1535953903198
P093,2026-09-01,9,40.6688346862793,Product 093,12.47,507.1403685379029
P093,2026-10-01,10,43.54625701904297,Product 093,12.47,543.0218250274659
P093,2026-11-01,11,40.577857971191406,Product 093,12.47,506.0058889007569
P093,2026-12-01,12,39.52082443237305,Product 093,12.47,492.8246806716919
P094,2026-01-01,1,114.1048355102539,Product 094,22.38,2553.6662187194825
P094,2026-02-01,2,116.1773681640625,Product 094,22.38,2600.0494995117188
P094,2026-03-01,3,109.92158508300781,Product 094,22.38,2460.0450741577147
P094,2026-04-01,4,105.89103698730469,Product 094,22.38,2369.841407775879
P094,2026-05-01,5,111.92790222167969,Product 094,22.38,2504.9464517211914
P094,2026-06-01,6,134.587158203125,Product 094,22.38,3012.060600585937
P094,2026-07-01,7,126.95486450195312,Product 094,22.38,2841.249867553711
P094,2026-08-01,8,141.17630004882812,Product 094,22.38,3159.525595092773
P094,2026-09-01,9,118.31072998046875,Product 094,22.38,2647.7941369628907
P094,2026-10-01,10,114.9896011352539,Product 094,22.38,2573.4672734069823
P094,2026-11-01,11,115.84443664550781,Product 094,22.38,2592.598492126465
P094,2026-12-01,12,118.43819427490234,Product 094,22.38,2650.6467878723142
P095,2026-01-01,1,101.28239440917969,Product 095,32.62,3303.8317056274414
P095,2026-02-01,2,100.2990951538086,Product 095,32.62,3271.756483917236
P095,2026-03-01,3,97.21316528320312,Product 095,32.62,3171.093451538086
P095,2026-04-01,4,90.49684143066406,Product 095,32.62,2952.0069674682613
P095,2026-05-01,5,91.6403579711914,Product 095,32.62,2989.3084770202636
P095,2026-06-01,6,105.88957977294922,Product 095,32.62,3454.1180921936034
P095,2026-07-01,7,116.31043243408203,Product 095,32.62,3794.0463059997555
P095,2026-08-01,8,116.05308532714844,Product 095,32.62,3785.651643371582
P095,2026-09-01,9,95.82752227783203,Product 095,32.62,3125.8937767028806
P095,2026-10-01,10,86.88158416748047,Product 095,32.62,2834.0772755432126
P095,2026-11-01,11,84.7409896850586,Product 095,32.62,2764.251083526611
P095,2026-12-01,12,90.43268585205078,Product 095,32.62,2949.9142124938962
P096,2026-01-01,1,65.37530517578125,Product 096,38.43,2512.3729779052733
P096,2026-02-01,2,68.03314971923828,Product 096,38.43,2614.513943710327
P096,2026-03-01,3,62.14596939086914,Product 096,38.43,2388.269603691101
P096,2026-04-01,4,66.34832000732422,Product 096,38.43,2549.7659378814697
P096,2026-05-01,5,69.31310272216797,Product 096,38.43,2663.702537612915
P096,2026-06-01,6,82.00281524658203,Product 096,38.43,3151.3681899261474
P096,2026-07-01,7,79.60452270507812,Product 096,38.43,3059.2018075561523
P096,2026-08-01,8,93.23365783691406,Product 096,38.43,3582.9694706726073
P096,2026-09-01,9,82.34396362304688,Product 096,38.43,3164.478522033691
P096,2026-10-01,10,75.01519775390625,Product 096,38.43,2882.834049682617
P096,2026-11-01,11,69.61809539794922,Product 096,38.43,2675.4234061431885
P096,2026-12-01,12,69.4649429321289,Product 096,38.43,2669.537756881714
P097,2026-01-01,1,80.2733154296875,Product 097,48.53,3895.6639978027347
P097,2026-02-01,2,79.39591217041016,Product 097,48.53,3853.083617630005
P097,2026-03-01,3,78.85552215576172,Product 097,48.53,3826.8584902191164
P097,2026-04-01,4,76.60404968261719,Product 097,48.53,3717.594531097412
P097,2026-05-01,5,86.66123962402344,Product 097,48.53,4205.6699589538575
P097,2026-06-01,6,89.19184875488281,Product 097,48.53,4328.480420074463
P097,2026-07-01,7,84.60795593261719,Product 097,48.53,4106.024101409912
P097,2026-08-01,8,87.10995483398438,Product 097,48.53,4227.4461080932615
P097,2026-09-01,9,83.16985321044922,Product 097,48.53,4036.2329763031007
P097,2026-10-01,10,82.83432006835938,Product 097,48.53,4019.9495529174806
P097,2026-11-01,11,78.80733489990234,Product 097,48.53,3824.519962692261
P097,2026-12-01,12,75.91168212890625,Product 097,48.53,3683.9939337158203
P098,2026-01-01,1,61.856510162353516,Product 098,102.33,6329.776684913635
P098,2026-02-01,2,67.81415557861328,Product 098,102.33,6939.422540359497
P098,2026-03-01,3,67.00700378417969,Product 098,102.33,6856.8266972351075
P098,2026-04-01,4,68.2783203125,Product 098,102.33,6986.920517578125
P098,2026-05-01,5,69.75554656982422,Product 098,102.33,7138.085080490112
P098,2026-06-01,6,70.19569396972656,Product 098,102.33,7183.125363922119
P098,2026-07-01,7,69.1687240600586,Product 098,102.33,7078.035533065796
P098,2026-08-01,8,72.14046478271484,Product 098,102.33,7382.13376121521
P098,2026-09-01,9,68.63795471191406,Product 098,102.33,7023.721905670166
P098,2026-10-01,10,67.54350280761719,Product 098,102.33,6911.726642303467
P098,2026-11-01,11,66.25201416015625,Product 098,102.33,6779.568609008789
P098,2026-12-01,12,65.66847229003906,Product 098,102.33,6719.8547694396975
P099,2026-01-01,1,127.82337951660156,Product 099,15.98,2042.617604675293
P099,2026-02-01,2,108.8173599243164,Product 099,15.98,1738.9014115905761
P099,2026-03-01,3,125.3436050415039,Product 099,15.98,2002.9908085632326
P099,2026-04-01,4,114.15717315673828,Product 099,15.98,1824.2316270446777
P099,2026-05-01,5,122.4903335571289,Product 099,15.98,1957.39553024292
P099,2026-06-01,6,130.81954956054688,Product 099,15.98,2090.4964019775393
P099,2026-07-01,7,140.83560180664062,Product 099,15.98,2250.5529168701173
P099,2026-08-01,8,144.93515014648438,Product 099,15.98,2316.06369934082
P099,2026-09-01,9,157.6916961669922,Product 099,15.98,2519.913304748535
P099,2026-10-01,10,137.56192016601562,Product 099,15.98,2198.2394842529297
P099,2026-11-01,11,132.5258331298828,Product 099,15.98,2117.7628134155275
P099,2026-12-01,12,141.9676971435547,Product 099,15.98,2268.643800354004
P100,2026-01-01,1,106.20858001708984,Product 100,11.51,1222.4607559967042
P100,2026-02-01,2,91.18766784667969,Product 100,11.51,1049.5700569152832
P100,2026-03-01,3,81.52191925048828,Product 100,11.51,938.3172905731201
P100,2026-04-01,4,84.41008758544922,Product 100,11.51,971.5601081085205
P100,2026-05-01,5,94.16240692138672,Product 100,11.51,1083.8093036651612
P100,2026-06-01,6,98.44526672363281,Product 100,11.51,1133.1050199890137
P100,2026-07-01,7,97.19123840332031,Product 100,11.51,1118.6711540222168
P100,2026-08-01,8,99.15743255615234,Product 100,11.51,1141.3020487213134
P100,2026-09-01,9,87.80895233154297,Product 100,11.51,1010.6810413360596
P100,2026-10-01,10,95.93419647216797,Product 100,11.51,1104.2026013946534
P100,2026-11-01,11,113.48987579345703,Product 100,11.51,1306.2684703826903
P100,2026-12-01,12,80.64044952392578,Product 100,11.51,928.1715740203857
P101,2026-01-01,1,52.93915557861328,Product 101,36.24,1918.5149981689453
P101,2026-02-01,2,56.33452224731445,Product 101,36.24,2041.5630862426758
P101,2026-03-01,3,60.340721130371094,Product 101,36.24,2186.7477337646487
P101,2026-04-01,4,59.194942474365234,Product 101,36.24,2145.224715270996
P101,2026-05-01,5,68.41624450683594,Product 101,36.24,2479.4047009277347
P101,2026-06-01,6,60.06504440307617,Product 101,36.24,2176.7572091674806
P101,2026-07-01,7,60.81687927246094,Product 101,36.24,2204.0037048339846
P101,2026-08-01,8,63.464935302734375,Product 101,36.24,2299.969255371094
P101,2026-09-01,9,60.00410842895508,Product 101,36.24,2174.548889465332
P101,2026-10-01,10,60.796478271484375,Product 101,36.24,2203.264372558594
P101,2026-11-01,11,59.40666961669922,Product 101,36.24,2152.8977069091798
P101,2026-12-01,12,56.79197311401367,Product 101,36.24,2058.1411056518555
P102,2026-01-01,1,186.93382263183594,Product 102,28.03,5239.755048370362
P102,2026-02-01,2,166.17434692382812,Product 102,28.03,4657.866944274902
P102,2026-03-01,3,110.51609802246094,Product 102,28.03,3097.76622756958
P102,2026-04-01,4,166.927978515625,Product 102,28.03,4678.991237792969
P102,2026-05-01,5,114.5033187866211,Product 102,28.03,3209.5280255889893
P102,2026-06-01,6,139.11920166015625,Product 102,28.03,3899.51122253418
P102,2026-07-01,7,159.25563049316406,Product 102,28.03,4463.935322723389
P102,2026-08-01,8,157.54283142089844,Product 102,28.03,4415.925564727783
P102,2026-09-01,9,120.721923828125,Product 102,28.03,3383.835524902344
P102,2026-10-01,10,151.7312774658203,Product 102,28.03,4253.027707366943
P102,2026-11-01,11,151.78546142578125,Product 102,28.03,4254.546483764649
P102,2026-12-01,12,132.77676391601562,Product 102,28.03,3721.732692565918
P103,2026-01-01,1,167.37225341796875,Product 103,27.06,4529.093177490234
P103,2026-02-01,2,142.3323516845703,Product 103,27.06,3851.5134365844724
P103,2026-03-01,3,139.5570526123047,Product 103,27.06,3776.413843688965
P103,2026-04-01,4,145.49026489257812,Product 103,27.06,3936.966567993164
P103,2026-05-01,5,183.2367706298828,Product 103,27.06,4958.387013244629
P103,2026-06-01,6,150.9653778076172,Product 103,27.06,4085.123123474121
P103,2026-07-01,7,173.31057739257812,Product 103,27.06,4689.784224243163
P103,2026-08-01,8,176.45314025878906,Product 103,27.06,4774.821975402831
P103,2026-09-01,9,142.49191284179688,Product 103,27.06,3855.8311614990234
P103,2026-10-01,10,142.666015625,Product 103,27.06,3860.5423828125
P103,2026-11-01,11,177.9017791748047,Product 103,27.06,4814.022144470215
P103,2026-12-01,12,143.54705810546875,Product 103,27.06,3884.3833923339844
P104,2026-01-01,1,140.04783630371094,Product 104,10.26,1436.8908004760742
P104,2026-02-01,2,172.54913330078125,Product 104,10.26,1770.3541076660156
P104,2026-03-01,3,149.09107971191406,Product 104,10.26,1529.6744778442383
P104,2026-04-01,4,133.4360809326172,Product 104,10.26,1369.0541903686524
P104,2026-05-01,5,167.33714294433594,Product 104,10.26,1716.8790866088866
P104,2026-06-01,6,175.12644958496094,Product 104,10.26,1796.7973727416993
P104,2026-07-01,7,155.26231384277344,Product 104,10.26,1592.9913400268554
P104,2026-08-01,8,169.896240234375,Product 104,10.26,1743.1354248046875
P104,2026-09-01,9,137.89825439453125,Product 104,10.26,1414.8360900878906
P104,2026-10-01,10,125.38459777832031,Product 104,10.26,1286.4459732055664
P104,2026-11-01,11,147.626708984375,Product 104,10.26,1514.6500341796875
P104,2026-12-01,12,157.43963623046875,Product 104,10.26,1615.3306677246094
P105,2026-01-01,1,36.007389068603516,Product 105,47.29,1702.7894290542602
P105,2026-02-01,2,34.51667022705078,Product 105,47.29,1632.2933350372314
P105,2026-03-01,3,38.71745681762695,Product 105,47.29,1830.9485329055785
P105,2026-04-01,4,39.46240234375,Product 105,47.29,1866.1770068359374
P105,2026-05-01,5,36.394493103027344,Product 105,47.29,1721.0955788421631
P105,2026-06-01,6,43.6720085144043,Product 105,47.29,2065.2492826461794
P105,2026-07-01,7,44.681922912597656,Product 105,47.29,2113.008134536743
P105,2026-08-01,8,40.42966079711914,Product 105,47.29,1911.918659095764
P105,2026-09-01,9,39.981353759765625,Product 105,47.29,1890.7182192993164
P105,2026-10-01,10,38.626739501953125,Product 105,47.29,1826.6585110473632
P105,2026-11-01,11,36.79030227661133,Product 105,47.29,1739.8133946609496
P105,2026-12-01,12,37.86710739135742,Product 105,47.29,1790.7355085372924
P106,2026-01-01,1,52.161720275878906,Product 106,46.67,2434.387485275269
P106,2026-02-01,2,52.031944274902344,Product 106,46.67,2428.3308393096927
P106,2026-03-01,3,46.84811019897461,Product 106,46.67,2186.4013029861453
P106,2026-04-01,4,49.37703323364258,Product 106,46.67,2304.4261410140994
P106,2026-05-01,5,56.679710388183594,Product 106,46.67,2645.2420838165285
P106,2026-06-01,6,61.54745864868164,Product 106,46.67,2872.419895133972
P106,2026-07-01,7,60.402687072753906,Product 106,46.67,2818.993405685425
P106,2026-08-01,8,62.530513763427734,Product 106,46.67,2918.2990773391725
P106,2026-09-01,9,53.692901611328125,Product 106,46.67,2505.8477182006836
P106,2026-10-01,10,53.188880920410156,Product 106,46.67,2482.325072555542
P106,2026-11-01,11,55.01957702636719,Product 106,46.67,2567.7636598205568
P106,2026-12-01,12,52.76854705810547,Product 106,46.67,2462.7080912017823
P107,2026-01-01,1,34.926300048828125,Product 107,23.06,805.4004791259765
P107,2026-02-01,2,36.91407012939453,Product 107,23.06,851.2384571838378
P107,2026-03-01,3,32.63470458984375,Product 107,23.06,752.5562878417968
P107,2026-04-01,4,32.064796447753906,Product 107,23.06,739.414206085205
P107,2026-05-01,5,34.25625991821289,Product 107,23.06,789.9493537139892
P107,2026-06-01,6,41.6102409362793,Product 107,23.06,959.5321559906006
P107,2026-07-01,7,38.1689567565918,Product 107,23.06,880.1761428070068
P107,2026-08-01,8,44.73844528198242,Product 107,23.06,1031.6685482025146
P107,2026-09-01,9,40.20838928222656,Product 107,23.06,927.2054568481445
P107,2026-10-01,10,37.5625114440918,Product 107,23.06,866.1915139007568
P107,2026-11-01,11,38.2293586730957,Product 107,23.06,881.5690110015869
P107,2026-12-01,12,36.96290969848633,Product 107,23.06,852.3646976470947
P108,2026-01-01,1,66.10802459716797,Product 108,219.16,14488.234670715332
P108,2026-02-01,2,65.19012451171875,Product 108,219.16,14287.067687988281
P108,2026-03-01,3,58.61349868774414,Product 108,219.16,12845.734372406007
P108,2026-04-01,4,62.6251220703125,Product 108,219.16,13724.921752929688
P108,2026-05-01,5,65.81361389160156,Product 108,219.16,14423.711620483398
P108,2026-06-01,6,72.16729736328125,Product 108,219.16,15816.18489013672
P108,2026-07-01,7,82.71207427978516,Product 108,219.16,18127.178199157715
P108,2026-08-01,8,78.51028442382812,Product 108,219.16,17206.313934326172
P108,2026-09-01,9,67.72985076904297,Product 108,219.16,14843.674094543458
P108,2026-10-01,10,68.37062072753906,Product 108,219.16,14984.10523864746
P108,2026-11-01,11,70.05451202392578,Product 108,219.16,15353.146855163573
P108,2026-12-01,12,65.39600372314453,Product 108,219.16,14332.188175964355
P109,2026-01-01,1,84.65140533447266,Product 109,11.73,992.9609845733643
P109,2026-02-01,2,82.90441131591797,Product 109,11.73,972.4687447357178
P109,2026-03-01,3,89.57444763183594,Product 109,11.73,1050.7082707214356
P109,2026-04-01,4,83.80059814453125,Product 109,11.73,982.9810162353516
P109,2026-05-01,5,86.57182312011719,Product 109,11.73,1015.4874851989747
P109,2026-06-01,6,89.45479583740234,Product 109,11.73,1049.3047551727295
P109,2026-07-01,7,84.7165298461914,Product 109,11.73,993.7248950958252
P109,2026-08-01,8,88.4403076171875,Product 109,11.73,1037.4048083496093
P109,2026-09-01,9,82.38353729248047,Product 109,11.73,966.3588924407959
P109,2026-10-01,10,78.45398712158203,Product 109,11.73,920.2652689361572
P109,2026-11-01,11,75.63607025146484,Product 109,11.73,887.2111040496826
P109,2026-12-01,12,76.5223388671875,Product 109,11.73,897.6070349121094
P110,2026-01-01,1,64.83641815185547,Product 110,61.43,3982.9011670684813
P110,2026-02-01,2,68.17008972167969,Product 110,61.43,4187.688611602784
P110,2026-03-01,3,65.63397979736328,Product 110,61.43,4031.8953789520265
P110,2026-04-01,4,64.76195526123047,Product 110,61.43,3978.3269116973875
P110,2026-05-01,5,69.21316528320312,Product 110,61.43,4251.7647433471675
P110,2026-06-01,6,72.3023681640625,Product 110,61.43,4441.534476318359
P110,2026-07-01,7,70.37835693359375,Product 110,61.43,4323.342466430664
P110,2026-08-01,8,70.01358032226562,Product 110,61.43,4300.9342391967775
P110,2026-09-01,9,66.11370849609375,Product 110,61.43,4061.365112915039
P110,2026-10-01,10,65.38070678710938,Product 110,61.43,4016.3368179321287
P110,2026-11-01,11,66.76459503173828,Product 110,61.43,4101.349072799682
P110,2026-12-01,12,65.50265502929688,Product 110,61.43,4023.828098449707
P111,2026-01-01,1,224.3094940185547,Product 111,18.5,4149.725639343262
P111,2026-02-01,2,240.23606872558594,Product 111,18.5,4444.36727142334
P111,2026-03-01,3,222.13177490234375,Product 111,18.5,4109.437835693359
P111,2026-04-01,4,189.07766723632812,Product 111,18.5,3497.9368438720703
P111,2026-05-01,5,228.3671417236328,Product 111,18.5,4224.792121887207
P111,2026-06-01,6,219.8671112060547,Product 111,18.5,4067.5415573120117
P111,2026-07-01,7,270.030029296875,Product 111,18.5,4995.5555419921875
P111,2026-08-01,8,224.07005310058594,Product 111,18.5,4145.29598236084
P111,2026-09-01,9,219.22288513183594,Product 111,18.5,4055.623374938965
P111,2026-10-01,10,193.7264404296875,Product 111,18.5,3583.9391479492188
P111,2026-11-01,11,224.8123779296875,Product 111,18.5,4159.028991699219
P111,2026-12-01,12,221.55911254882812,Product 111,18.5,4098.84358215332
P112,2026-01-01,1,51.69285583496094,Product 112,15.02,776.4266946411133
P112,2026-02-01,2,51.08089828491211,Product 112,15.02,767.2350922393798
P112,2026-03-01,3,56.24359130859375,Product 112,15.02,844.7787414550781
P112,2026-04-01,4,52.03354263305664,Product 112,15.02,781.5438103485108
P112,2026-05-01,5,55.46254348754883,Product 112,15.02,833.0474031829834
P112,2026-06-01,6,54.057945251464844,Product 112,15.02,811.9503376770019
P112,2026-07-01,7,60.540706634521484,Product 112,15.02,909.3214136505127
P112,2026-08-01,8,54.048851013183594,Product 112,15.02,811.8137422180175
P112,2026-09-01,9,55.599891662597656,Product 112,15.02,835.1103727722168
P112,2026-10-01,10,47.80215835571289,Product 112,15.02,717.9884185028076
P112,2026-11-01,11,47.964378356933594,Product 112,15.02,720.4249629211425
P112,2026-12-01,12,46.81698989868164,Product 112,15.02,703.1911882781982
P113,2026-01-01,1,36.07951354980469,Product 113,11.86,427.9030307006836
P113,2026-02-01,2,32.052696228027344,Product 113,11.86,380.1449772644043
P113,2026-03-01,3,32.87207794189453,Product 113,11.86,389.8628443908691
P113,2026-04-01,4,32.87207794189453,Product 113,11.86,389.8628443908691
P113,2026-05-01,5,38.15082550048828,Product 113,11.86,452.468790435791
P113,2026-06-01,6,38.13426208496094,Product 113,11.86,452.2723483276367
P113,2026-07-01,7,36.48068618774414,Product 113,11.86,432.66093818664547
P113,2026-08-01,8,35.73573303222656,Product 113,11.86,423.825793762207
P113,2026-09-01,9,32.97309875488281,Product 113,11.86,391.06095123291016
P113,2026-10-01,10,32.90302276611328,Product 113,11.86,390.2298500061035
P113,2026-11-01,11,31.686355590820312,Product 113,11.86,375.8001773071289
P113,2026-12-01,12,31.686355590820312,Product 113,11.86,375.8001773071289
P114,2026-01-01,1,81.42466735839844,Product 114,61.88,5038.5584161376955
P114,2026-02-01,2,91.57308197021484,Product 114,61.88,5666.542312316895
P114,2026-03-01,3,83.81057739257812,Product 114,61.88,5186.198529052735
P114,2026-04-01,4,83.33287048339844,Product 114,61.88,5156.638025512695
P114,2026-05-01,5,102.49594116210938,Product 114,61.88,6342.448839111328
P114,2026-06-01,6,100.92414855957031,Product 114,61.88,6245.186312866211
P114,2026-07-01,7,103.1301040649414,Product 114,61.88,6381.690839538574
P114,2026-08-01,8,112.67951965332031,Product 114,61.88,6972.608676147462
P114,2026-09-01,9,96.58412170410156,Product 114,61.88,5976.625451049805
P114,2026-10-01,10,90.90372467041016,Product 114,61.88,5625.122482604981
P114,2026-11-01,11,91.18804931640625,Product 114,61.88,5642.716491699219
P114,2026-12-01,12,87.71258544921875,Product 114,61.88,5427.654787597657
P115,2026-01-01,1,86.59304809570312,Product 115,18.09,1566.4682400512695
P115,2026-02-01,2,83.7279281616211,Product 115,18.09,1514.6382204437257
P115,2026-03-01,3,83.7279281616211,Product 115,18.09,1514.6382204437257
P115,2026-04-01,4,83.7279281616211,Product 115,18.09,1514.6382204437257
P115,2026-05-01,5,85.45947265625,Product 115,18.09,1545.9618603515626
P115,2026-06-01,6,87.9321060180664,Product 115,18.09,1590.6917978668214
P115,2026-07-01,7,86.36712646484375,Product 115,18.09,1562.3813177490235
P115,2026-08-01,8,88.93526458740234,Product 115,18.09,1608.8389363861083
P115,2026-09-01,9,86.4278793334961,Product 115,18.09,1563.4803371429443
P115,2026-10-01,10,85.2264175415039,Product 115,18.09,1541.7458933258056
P115,2026-11-01,11,81.1758041381836,Product 115,18.09,1468.4702968597412
P115,2026-12-01,12,78.23135375976562,Product 115,18.09,1415.20518951416
P116,2026-01-01,1,101.76551818847656,Product 116,19.85,2020.04553604126
P116,2026-02-01,2,96.09786987304688,Product 116,19.85,1907.5427169799807
P116,2026-03-01,3,92.05977630615234,Product 116,19.85,1827.386559677124
P116,2026-04-01,4,107.20755004882812,Product 116,19.85,2128.0698684692384
P116,2026-05-01,5,110.0501708984375,Product 116,19.85,2184.4958923339846
P116,2026-06-01,6,125.8620376586914,Product 116,19.85,2498.3614475250247
P116,2026-07-01,7,125.31461334228516,Product 116,19.85,2487.4950748443607
P116,2026-08-01,8,121.32500457763672,Product 116,19.85,2408.301340866089
P116,2026-09-01,9,108.66658782958984,Product 116,19.85,2157.0317684173588
P116,2026-10-01,10,106.59561920166016,Product 116,19.85,2115.9230411529543
P116,2026-11-01,11,96.22339630126953,Product 116,19.85,1910.0344165802003
P116,2026-12-01,12,104.63093566894531,Product 116,19.85,2076.9240730285646
P117,2026-01-01,1,102.24591827392578,Product 117,21.08,2155.343957214355
P117,2026-02-01,2,95.99015045166016,Product 117,21.08,2023.472371520996
P117,2026-03-01,3,97.00093841552734,Product 117,21.08,2044.7797817993162
P117,2026-04-01,4,88.06208038330078,Product 117,21.08,1856.3486544799803
P117,2026-05-01,5,98.31844329833984,Product 117,21.08,2072.5527847290036
P117,2026-06-01,6,107.73295593261719,Product 117,21.08,2271.01071105957
P117,2026-07-01,7,111.04080200195312,Product 117,21.08,2340.740106201172
P117,2026-08-01,8,124.52883911132812,Product 117,21.08,2625.0679284667967
P117,2026-09-01,9,102.56120300292969,Product 117,21.08,2161.9901593017576
P117,2026-10-01,10,92.22528839111328,Product 117,21.08,1944.1090792846678
P117,2026-11-01,11,96.1214828491211,Product 117,21.08,2026.2408584594725
P117,2026-12-01,12,95.28166961669922,Product 117,21.08,2008.5375955200193
P118,2026-01-01,1,83.92032623291016,Product 118,39.37,3303.9432437896726
P118,2026-02-01,2,88.61331176757812,Product 118,39.37,3488.7060842895507
P118,2026-03-01,3,86.50563049316406,Product 118,39.37,3405.726672515869
P118,2026-04-01,4,82.206298828125,Product 118,39.37,3236.461984863281
P118,2026-05-01,5,84.5990219116211,Product 118,39.37,3330.663492660522
P118,2026-06-01,6,90.14871215820312,Product 118,39.37,3549.154797668457
P118,2026-07-01,7,89.22030639648438,Product 118,39.37,3512.6034628295897
P118,2026-08-01,8,96.08213806152344,Product 118,39.37,3782.7537754821774
P118,2026-09-01,9,88.27157592773438,Product 118,39.37,3475.251944274902
P118,2026-10-01,10,86.09547424316406,Product 118,39.37,3389.578820953369
P118,2026-11-01,11,85.73567962646484,Product 118,39.37,3375.413706893921
P118,2026-12-01,12,81.53321838378906,Product 118,39.37,3209.9628077697753
P119,2026-01-01,1,32.15528869628906,Product 119,69.08,2221.2873431396483
P119,2026-02-01,2,30.743268966674805,Product 119,69.08,2123.7450202178957
P119,2026-03-01,3,30.63202667236328,Product 119,69.08,2116.0604025268553
P119,2026-04-01,4,30.743268966674805,Product 119,69.08,2123.7450202178957
P119,2026-05-01,5,33.48637771606445,Product 119,69.08,2313.2389726257325
P119,2026-06-01,6,34.54362869262695,Product 119,69.08,2386.27387008667
P119,2026-07-01,7,33.34368133544922,Product 119,69.08,2303.381506652832
P119,2026-08-01,8,35.43962097167969,Product 119,69.08,2448.169016723633
P119,2026-09-01,9,32.45969009399414,Product 119,69.08,2242.315391693115
P119,2026-10-01,10,31.131778717041016,Product 119,69.08,2150.5832737731935
P119,2026-11-01,11,31.243022918701172,Product 119,69.08,2158.2680232238768
P119,2026-12-01,12,30.931161880493164,Product 119,69.08,2136.724662704468
P120,2026-01-01,1,56.5831413269043,Product 120,37.32,2111.682834320068
P120,2026-02-01,2,57.72597122192383,Product 120,37.32,2154.3332460021975
P120,2026-03-01,3,56.029884338378906,Product 120,37.32,2091.035283508301
P120,2026-04-01,4,50.642093658447266,Product 120,37.32,1889.962935333252
P120,2026-05-01,5,53.183345794677734,Product 120,37.32,1984.802465057373
P120,2026-06-01,6,54.56795883178711,Product 120,37.32,2036.476223602295
P120,2026-07-01,7,55.08598709106445,Product 120,37.32,2055.8090382385253
P120,2026-08-01,8,55.08598709106445,Product 120,37.32,2055.8090382385253
P120,2026-09-01,9,55.859458923339844,Product 120,37.32,2084.675007019043
P120,2026-10-01,10,50.471656799316406,Product 120,37.32,1883.6022317504883
P120,2026-11-01,11,53.57562255859375,Product 120,37.32,1999.4422338867187
P120,2026-12-01,12,50.11146545410156,Product 120,37.32,1870.1598907470702
P121,2026-01-01,1,165.68174743652344,Product 121,74.96,12419.503787841795
P121,2026-02-01,2,85.50570678710938,Product 121,74.96,6409.507780761718
P121,2026-03-01,3,84.70449829101562,Product 121,74.96,6349.4491918945305
P121,2026-04-01,4,108.78883361816406,Product 121,74.96,8154.810968017578
P121,2026-05-01,5,96.31009674072266,Product 121,74.96,7219.40485168457
P121,2026-06-01,6,91.2891616821289,Product 121,74.96,6843.035559692382
P121,2026-07-01,7,100.6806869506836,Product 121,74.96,7547.024293823241
P121,2026-08-01,8,117.71173858642578,Product 121,74.96,8823.671924438477
P121,2026-09-01,9,90.85812377929688,Product 121,74.96,6810.724958496093
P121,2026-10-01,10,89.08504486083984,Product 121,74.96,6677.814962768554
P121,2026-11-01,11,97.35922241210938,Product 121,74.96,7298.0473120117185
P121,2026-12-01,12,89.11669158935547,Product 121,74.96,6680.187201538085
P122,2026-01-01,1,64.63154602050781,Product 122,80.9,5228.692073059083
P122,2026-02-01,2,58.559814453125,Product 122,80.9,4737.488989257813
P122,2026-03-01,3,65.29598236083984,Product 122,80.9,5282.444972991943
P122,2026-04-01,4,55.525238037109375,Product 122,80.9,4491.991757202149
P122,2026-05-01,5,61.44348907470703,Product 122,80.9,4970.7782661438
P122,2026-06-01,6,69.83553314208984,Product 122,80.9,5649.694631195069
P122,2026-07-01,7,64.77784729003906,Product 122,80.9,5240.527845764161
P122,2026-08-01,8,68.5209732055664,Product 122,80.9,5543.346732330323
P122,2026-09-01,9,66.16118621826172,Product 122,80.9,5352.439965057373
P122,2026-10-01,10,62.210540771484375,Product 122,80.9,5032.832748413086
P122,2026-11-01,11,64.90186309814453,Product 122,80.9,5250.560724639893
P122,2026-12-01,12,66.1386947631836,Product 122,80.9,5350.6204063415535
P123,2026-01-01,1,62.57923889160156,Product 123,21.35,1336.0667503356935
P123,2026-02-01,2,58.84930419921875,Product 123,21.35,1256.4326446533205
P123,2026-03-01,3,55.79582214355469,Product 123,21.35,1191.2408027648926
P123,2026-04-01,4,61.876285552978516,Product 123,21.35,1321.0586965560915
P123,2026-05-01,5,61.25603103637695,Product 123,21.35,1307.816262626648
P123,2026-06-01,6,64.62158966064453,Product 123,21.35,1379.670939254761
P123,2026-07-01,7,63.25126647949219,Product 123,21.35,1350.4145393371582
P123,2026-08-01,8,61.61418533325195,Product 123,21.35,1315.4628568649293
P123,2026-09-01,9,53.464900970458984,Product 123,21.35,1141.4756357192994
P123,2026-10-01,10,62.70359420776367,Product 123,21.35,1338.7217363357545
P123,2026-11-01,11,60.5992431640625,Product 123,21.35,1293.7938415527344
P123,2026-12-01,12,60.996456146240234,Product 123,21.35,1302.274338722229
P124,2026-01-01,1,93.95946502685547,Product 124,37.74,3546.0302101135258
P124,2026-02-01,2,85.53927612304688,Product 124,37.74,3228.2522808837894
P124,2026-03-01,3,90.57360076904297,Product 124,37.74,3418.2476930236817
P124,2026-04-01,4,92.07528686523438,Product 124,37.74,3474.9213262939456
P124,2026-05-01,5,92.95886993408203,Product 124,37.74,3508.267751312256
P124,2026-06-01,6,113.83301544189453,Product 124,37.74,4296.0580027771
P124,2026-07-01,7,102.99160766601562,Product 124,37.74,3886.90327331543
P124,2026-08-01,8,108.55204010009766,Product 124,37.74,4096.753993377686
P124,2026-09-01,9,88.97599029541016,Product 124,37.74,3357.9538737487796
P124,2026-10-01,10,99.22102355957031,Product 124,37.74,3744.601429138184
P124,2026-11-01,11,83.66082763671875,Product 124,37.74,3157.359635009766
P124,2026-12-01,12,87.73839569091797,Product 124,37.74,3311.2470533752444
P125,2026-01-01,1,106.92639923095703,Product 125,57.87,6187.830723495483
P125,2026-02-01,2,107.68804168701172,Product 125,57.87,6231.906972427368
P125,2026-03-01,3,111.1407699584961,Product 125,57.87,6431.716357498169
P125,2026-04-01,4,103.33069610595703,Product 125,57.87,5979.747383651733
P125,2026-05-01,5,100.94068145751953,Product 125,57.87,5841.437235946655
P125,2026-06-01,6,110.57395935058594,Product 125,57.87,6398.915027618408
P125,2026-07-01,7,110.53099822998047,Product 125,57.87,6396.4288675689695
P125,2026-08-01,8,110.91622161865234,Product 125,57.87,6418.721745071411
P125,2026-09-01,9,95.22701263427734,Product 125,57.87,5510.78722114563
P125,2026-10-01,10,97.93705749511719,Product 125,57.87,5667.617517242431
P125,2026-11-01,11,92.79476165771484,Product 125,57.87,5370.032857131958
P125,2026-12-01,12,110.23284912109375,Product 125,57.87,6379.174978637695
P126,2026-01-01,1,42.43107986450195,Product 126,52.08,2209.8106393432618
P126,2026-02-01,2,43.475589752197266,Product 126,52.08,2264.2087142944333
P126,2026-03-01,3,39.559059143066406,Product 126,52.08,2060.2358001708985
P126,2026-04-01,4,36.36868667602539,Product 126,52.08,1894.0812020874023
P126,2026-05-01,5,41.99924087524414,Product 126,52.08,2187.3204647827147
P126,2026-06-01,6,38.45438766479492,Product 126,52.08,2002.7045095825194
P126,2026-07-01,7,38.52605438232422,Product 126,52.08,2006.4369122314451
P126,2026-08-01,8,39.04574203491211,Product 126,52.08,2033.5022451782227
P126,2026-09-01,9,34.422523498535156,Product 126,52.08,1792.7250238037109
P126,2026-10-01,10,35.662261962890625,Product 126,52.08,1857.2906030273436
P126,2026-11-01,11,40.208648681640625,Product 126,52.08,2094.066423339844
P126,2026-12-01,12,35.37655258178711,Product 126,52.08,1842.4108584594726
P127,2026-01-01,1,148.8719024658203,Product 127,32.67,4863.64505355835
P127,2026-02-01,2,152.9781494140625,Product 127,32.67,4997.796141357422
P127,2026-03-01,3,146.45059204101562,Product 127,32.67,4784.5408419799805
P127,2026-04-01,4,254.3853759765625,Product 127,32.67,8310.770233154297
P127,2026-05-01,5,182.64019775390625,Product 127,32.67,5966.855260620117
P127,2026-06-01,6,254.41481018066406,Product 127,32.67,8311.731848602296
P127,2026-07-01,7,185.45726013183594,Product 127,32.67,6058.888688507081
P127,2026-08-01,8,202.7947998046875,Product 127,32.67,6625.306109619141
P127,2026-09-01,9,142.08560180664062,Product 127,32.67,4641.936611022949
P127,2026-10-01,10,265.51446533203125,Product 127,32.67,8674.35758239746
P127,2026-11-01,11,175.00784301757812,Product 127,32.67,5717.506231384277
P127,2026-12-01,12,288.4399108886719,Product 127,32.67,9423.331888732911
P128,2026-01-01,1,103.6804428100586,Product 128,97.54,10112.990391693116
P128,2026-02-01,2,97.5094985961914,Product 128,97.54,9511.07649307251
P128,2026-03-01,3,102.42340087890625,Product 128,97.54,9990.378521728517
P128,2026-04-01,4,93.82363891601562,Product 128,97.54,9151.557739868165
P128,2026-05-01,5,107.28482818603516,Product 128,97.54,10464.56214126587
P128,2026-06-01,6,116.43122100830078,Product 128,97.54,11356.701297149659
P128,2026-07-01,7,113.05835723876953,Product 128,97.54,11027.71216506958
P128,2026-08-01,8,120.74765014648438,Product 128,97.54,11777.725795288086
P128,2026-09-01,9,105.19266510009766,Product 128,97.54,10260.492553863525
P128,2026-10-01,10,98.98795318603516,Product 128,97.54,9655.28495376587
P128,2026-11-01,11,90.4224853515625,Product 128,97.54,8819.809221191406
P128,2026-12-01,12,102.2301025390625,Product 128,97.54,9971.524201660157
P129,2026-01-01,1,98.70332336425781,Product 129,25.31,2498.181114349365
P129,2026-02-01,2,98.22407531738281,Product 129,25.31,2486.051346282959
P129,2026-03-01,3,97.73693084716797,Product 129,25.31,2473.7217197418213
P129,2026-04-01,4,92.46292877197266,Product 129,25.31,2340.236727218628
P129,2026-05-01,5,101.55683135986328,Product 129,25.31,2570.4034017181393
P129,2026-06-01,6,118.92861938476562,Product 129,25.31,3010.0833566284177
P129,2026-07-01,7,139.87106323242188,Product 129,25.31,3540.1366104125973
P129,2026-08-01,8,130.976318359375,Product 129,25.31,3315.0106176757813
P129,2026-09-01,9,111.42288208007812,Product 129,25.31,2820.1131454467773
P129,2026-10-01,10,111.44813537597656,Product 129,25.31,2820.7523063659664
P129,2026-11-01,11,104.43516540527344,Product 129,25.31,2643.2540364074707
P129,2026-12-01,12,94.48146057128906,Product 129,25.31,2391.325767059326
P130,2026-01-01,1,33.248985290527344,Product 130,25.75,856.1613712310791
P130,2026-02-01,2,30.595787048339844,Product 130,25.75,787.841516494751
P130,2026-03-01,3,30.595787048339844,Product 130,25.75,787.841516494751
P130,2026-04-01,4,30.595787048339844,Product 130,25.75,787.841516494751
P130,2026-05-01,5,33.20793914794922,Product 130,25.75,855.1044330596924
P130,2026-06-01,6,34.376434326171875,Product 130,25.75,885.1931838989258
P130,2026-07-01,7,37.35032272338867,Product 130,25.75,961.7708101272583
P130,2026-08-01,8,34.597389221191406,Product 130,25.75,890.8827724456787
P130,2026-09-01,9,32.38547897338867,Product 130,25.75,833.9260835647583
P130,2026-10-01,10,32.885311126708984,Product 130,25.75,846.7967615127563
P130,2026-11-01,11,31.057565689086914,Product 130,25.75,799.732316493988
P130,2026-12-01,12,31.16880989074707,Product 130,25.75,802.5968546867371
P131,2026-01-01,1,98.99279022216797,Product 131,39.79,3938.9231229400634
P131,2026-02-01,2,86.73005676269531,Product 131,39.79,3450.9889585876463
P131,2026-03-01,3,90.7950668334961,Product 131,39.79,3612.7357093048095
P131,2026-04-01,4,90.95748138427734,Product 131,39.79,3619.1981842803953
P131,2026-05-01,5,96.02592468261719,Product 131,39.79,3820.8715431213377
P131,2026-06-01,6,116.03174591064453,Product 131,39.79,4616.903169784546
P131,2026-07-01,7,107.30389404296875,Product 131,39.79,4269.621943969726
P131,2026-08-01,8,112.67951965332031,Product 131,39.79,4483.518087005615
P131,2026-09-01,9,95.7371597290039,Product 131,39.79,3809.3815856170654
P131,2026-10-01,10,95.3026351928711,Product 131,39.79,3792.0918543243406
P131,2026-11-01,11,90.10638427734375,Product 131,39.79,3585.3330303955076
P131,2026-12-01,12,88.43534851074219,Product 131,39.79,3518.8425172424318
P132,2026-01-01,1,157.5509033203125,Product 132,26.88,4234.96828125
P132,2026-02-01,2,102.39198303222656,Product 132,26.88,2752.29650390625
P132,2026-03-01,3,108.40413665771484,Product 132,26.88,2913.903193359375
P132,2026-04-01,4,113.3084945678711,Product 132,26.88,3045.7323339843747
P132,2026-05-01,5,102.35076141357422,Product 132,26.88,2751.1884667968748
P132,2026-06-01,6,115.46037292480469,Product 132,26.88,3103.57482421875
P132,2026-07-01,7,109.70940399169922,Product 132,26.88,2948.988779296875
P132,2026-08-01,8,105.3495864868164,Product 132,26.88,2831.796884765625
P132,2026-09-01,9,136.72439575195312,Product 132,26.88,3675.1517578125
P132,2026-10-01,10,105.93992614746094,Product 132,26.88,2847.6652148437497
P132,2026-11-01,11,105.34297943115234,Product 132,26.88,2831.619287109375
P132,2026-12-01,12,107.69651794433594,Product 132,26.88,2894.88240234375
P133,2026-01-01,1,123.59745025634766,Product 133,14.39,1778.567309188843
P133,2026-02-01,2,122.52881622314453,Product 133,14.39,1763.18966545105
P133,2026-03-01,3,113.5588150024414,Product 133,14.39,1634.1113478851319
P133,2026-04-01,4,114.88188171386719,Product 133,14.39,1653.1502778625488
P133,2026-05-01,5,134.02549743652344,Product 133,14.39,1928.6269081115724
P133,2026-06-01,6,157.47654724121094,Product 133,14.39,2266.0875148010255
P133,2026-07-01,7,157.2049102783203,Product 133,14.39,2262.1786589050294
P133,2026-08-01,8,147.2087860107422,Product 133,14.39,2118.33443069458
P133,2026-09-01,9,137.90283203125,Product 133,14.39,1984.4217529296875
P133,2026-10-01,10,136.1652374267578,Product 133,14.39,1959.417766571045
P133,2026-11-01,11,131.69985961914062,Product 133,14.39,1895.1609799194337
P133,2026-12-01,12,125.04898071289062,Product 133,14.39,1799.4548324584962
P134,2026-01-01,1,172.38491821289062,Product 134,69.17,11923.864792785645
P134,2026-02-01,2,206.70779418945312,Product 134,69.17,14297.978124084473
P134,2026-03-01,3,205.5724334716797,Product 134,69.17,14219.445223236084
P134,2026-04-01,4,165.96823120117188,Product 134,69.17,11480.022552185059
P134,2026-05-01,5,228.1197052001953,Product 134,69.17,15779.04000869751
P134,2026-06-01,6,218.7246856689453,Product 134,69.17,15129.186507720948
P134,2026-07-01,7,200.009521484375,Product 134,69.17,13834.65860107422
P134,2026-08-01,8,227.23245239257812,Product 134,69.17,15717.668731994629
P134,2026-09-01,9,199.31723022460938,Product 134,69.17,13786.772814636231
P134,2026-10-01,10,168.365478515625,Product 134,69.17,11645.840148925781
P134,2026-11-01,11,201.8394317626953,Product 134,69.17,13961.233495025635
P134,2026-12-01,12,218.91921997070312,Product 134,69.17,15142.642445373536
P135,2026-01-01,1,182.35769653320312,Product 135,31.43,5731.5024020385745
P135,2026-02-01,2,178.15098571777344,Product 135,31.43,5599.2854811096195
P135,2026-03-01,3,172.8942413330078,Product 135,31.43,5434.066005096435
P135,2026-04-01,4,166.3611602783203,Product 135,31.43,5228.731267547608
P135,2026-05-01,5,161.59991455078125,Product 135,31.43,5079.085314331055
P135,2026-06-01,6,188.55751037597656,Product 135,31.43,5926.362551116943
P135,2026-07-01,7,168.8138427734375,Product 135,31.43,5305.819078369141
P135,2026-08-01,8,168.73507690429688,Product 135,31.43,5303.34346710205
P135,2026-09-01,9,154.84414672851562,Product 135,31.43,4866.751531677246
P135,2026-10-01,10,169.6096649169922,Product 135,31.43,5330.831768341064
P135,2026-11-01,11,154.9638671875,Product 135,31.43,4870.514345703125
P135,2026-12-01,12,171.11219787597656,Product 135,31.43,5378.056379241943
P136,2026-01-01,1,75.54320526123047,Product 136,63.74,4815.12390335083
P136,2026-02-01,2,80.18437194824219,Product 136,63.74,5110.951867980957
P136,2026-03-01,3,78.691162109375,Product 136,63.74,5015.774672851563
P136,2026-04-01,4,72.32616424560547,Product 136,63.74,4610.069709014892
P136,2026-05-01,5,73.99834442138672,Product 136,63.74,4716.654473419189
P136,2026-06-01,6,79.08060455322266,Product 136,63.74,5040.597734222412
P136,2026-07-01,7,78.15587615966797,Product 136,63.74,4981.655546417236
P136,2026-08-01,8,79.31504821777344,Product 136,63.74,5055.541173400879
P136,2026-09-01,9,83.58235931396484,Product 136,63.74,5327.53958267212
P136,2026-10-01,10,84.28035736083984,Product 136,63.74,5372.029978179932
P136,2026-11-01,11,78.66101837158203,Product 136,63.74,5013.853311004639
P136,2026-12-01,12,74.79719543457031,Product 136,63.74,4767.573236999512
P137,2026-01-01,1,62.10755157470703,Product 137,75.31,4677.319709091186
P137,2026-02-01,2,57.590049743652344,Product 137,75.31,4337.106646194458
P137,2026-03-01,3,56.35239028930664,Product 137,75.31,4243.898512687683
P137,2026-04-01,4,67.66178131103516,Product 137,75.31,5095.608750534057
P137,2026-05-01,5,63.15238571166992,Product 137,75.31,4756.006167945862
P137,2026-06-01,6,63.97128677368164,Product 137,75.31,4817.677606925965
P137,2026-07-01,7,67.17387390136719,Product 137,75.31,5058.864443511963
P137,2026-08-01,8,68.0602798461914,Product 137,75.31,5125.619675216675
P137,2026-09-01,9,64.96047973632812,Product 137,75.31,4892.173728942871
P137,2026-10-01,10,69.18663787841797,Product 137,75.31,5210.445698623657
P137,2026-11-01,11,66.1766128540039,Product 137,75.31,4983.760714035035
P137,2026-12-01,12,64.88021850585938,Product 137,75.31,4886.12925567627
P138,2026-01-01,1,162.2400665283203,Product 138,12.48,2024.7560302734375
P138,2026-02-01,2,107.85809326171875,Product 138,12.48,1346.0690039062501
P138,2026-03-01,3,90.63277435302734,Product 138,12.48,1131.0970239257813
P138,2026-04-01,4,128.36660766601562,Product 138,12.48,1602.0152636718751
P138,2026-05-01,5,119.31827545166016,Product 138,12.48,1489.0920776367188
P138,2026-06-01,6,191.27127075195312,Product 138,12.48,2387.0654589843753
P138,2026-07-01,7,190.22854614257812,Product 138,12.48,2374.0522558593752
P138,2026-08-01,8,145.09722900390625,Product 138,12.48,1810.8134179687502
P138,2026-09-01,9,155.30136108398438,Product 138,12.48,1938.160986328125
P138,2026-10-01,10,126.20612335205078,Product 138,12.48,1575.0524194335937
P138,2026-11-01,11,128.0796356201172,Product 138,12.48,1598.4338525390626
P138,2026-12-01,12,146.92462158203125,Product 138,12.48,1833.6192773437501
P139,2026-01-01,1,43.38175964355469,Product 139,47.27,2050.65577835083
P139,2026-02-01,2,46.663352966308594,Product 139,47.27,2205.7766947174073
P139,2026-03-01,3,42.2332649230957,Product 139,47.27,1996.366432914734
P139,2026-04-01,4,45.279666900634766,Product 139,47.27,2140.3698543930054
P139,2026-05-01,5,44.760101318359375,Product 139,47.27,2115.809989318848
P139,2026-06-01,6,49.759727478027344,Product 139,47.27,2352.142317886353
P139,2026-07-01,7,48.25528335571289,Product 139,47.27,2281.0272442245487
P139,2026-08-01,8,52.43006896972656,Product 139,47.27,2478.369360198975
P139,2026-09-01,9,47.62287902832031,Product 139,47.27,2251.1334916687015
P139,2026-10-01,10,46.30384826660156,Product 139,47.27,2188.782907562256
P139,2026-11-01,11,47.79082489013672,Product 139,47.27,2259.072292556763
P139,2026-12-01,12,48.110435485839844,Product 139,47.27,2274.1802854156495
P140,2026-01-01,1,34.87681198120117,Product 140,21.76,758.9194287109376
P140,2026-02-01,2,32.90912628173828,Product 140,21.76,716.102587890625
P140,2026-03-01,3,33.678592681884766,Product 140,21.76,732.8461767578126
P140,2026-04-01,4,31.181499481201172,Product 140,21.76,678.5094287109375
P140,2026-05-01,5,33.637062072753906,Product 140,21.76,731.9424707031251
P140,2026-06-01,6,34.80555725097656,Product 140,21.76,757.36892578125
P140,2026-07-01,7,35.50093460083008,Product 140,21.76,772.5003369140626
P140,2026-08-01,8,34.732913970947266,Product 140,21.76,755.7882080078125
P140,2026-09-01,9,39.383766174316406,Product 140,21.76,856.990751953125
P140,2026-10-01,10,38.45996856689453,Product 140,21.76,836.8889160156251
P140,2026-11-01,11,34.746116638183594,Product 140,21.76,756.075498046875
P140,2026-12-01,12,35.98585510253906,Product 140,21.76,783.0522070312501
P141,2026-01-01,1,60.45777130126953,Product 141,38.03,2299.2090425872802
P141,2026-02-01,2,56.15521240234375,Product 141,38.03,2135.582727661133
P141,2026-03-01,3,54.7885627746582,Product 141,38.03,2083.6090423202513
P141,2026-04-01,4,51.671566009521484,Product 141,38.03,1965.0696553421021
P141,2026-05-01,5,58.65104293823242,Product 141,38.03,2230.499162940979
P141,2026-06-01,6,58.27389144897461,Product 141,38.03,2216.1560918045043
P141,2026-07-01,7,55.57263946533203,Product 141,38.03,2113.427478866577
P141,2026-08-01,8,61.68409729003906,Product 141,38.03,2345.8462199401856
P141,2026-09-01,9,58.72468185424805,Product 141,38.03,2233.2996509170534
P141,2026-10-01,10,54.780540466308594,Product 141,38.03,2083.303953933716
P141,2026-11-01,11,60.05461502075195,Product 141,38.03,2283.877009239197
P141,2026-12-01,12,61.34060287475586,Product 141,38.03,2332.7831273269653
P142,2026-01-01,1,129.75506591796875,Product 142,49.97,6483.860643920898
P142,2026-02-01,2,141.22088623046875,Product 142,49.97,7056.807684936523
P142,2026-03-01,3,126.96422576904297,Product 142,49.97,6344.402361679077
P142,2026-04-01,4,127.94790649414062,Product 142,49.97,6393.556887512207
P142,2026-05-01,5,138.1035614013672,Product 142,49.97,6901.034963226318
P142,2026-06-01,6,132.2098388671875,Product 142,49.97,6606.525648193359
P142,2026-07-01,7,134.56710815429688,Product 142,49.97,6724.318394470215
P142,2026-08-01,8,153.6889190673828,Product 142,49.97,7679.835285797119
P142,2026-09-01,9,127.58596801757812,Product 142,49.97,6375.4708218383785
P142,2026-10-01,10,124.24614715576172,Product 142,49.97,6208.579973373413
P142,2026-11-01,11,123.16447448730469,Product 142,49.97,6154.528790130615
P142,2026-12-01,12,114.41804504394531,Product 142,49.97,5717.469710845947
P143,2026-01-01,1,82.00022888183594,Product 143,18.38,1507.1642068481444
P143,2026-02-01,2,72.3561019897461,Product 143,18.38,1329.905154571533
P143,2026-03-01,3,68.98921203613281,Product 143,18.38,1268.021717224121
P143,2026-04-01,4,69.99472045898438,Product 143,18.38,1286.5029620361327
P143,2026-05-01,5,66.81144714355469,Product 143,18.38,1227.994398498535
P143,2026-06-01,6,61.69329071044922,Product 143,18.38,1133.9226832580566
P143,2026-07-01,7,73.11417388916016,Product 143,18.38,1343.8385160827636
P143,2026-08-01,8,78.89408111572266,Product 143,18.38,1450.0732109069822
P143,2026-09-01,9,71.3016586303711,Product 143,18.38,1310.5244856262207
P143,2026-10-01,10,71.08172607421875,Product 143,18.38,1306.4821252441407
P143,2026-11-01,11,68.031982421875,Product 143,18.38,1250.4278369140625
P143,2026-12-01,12,64.02361297607422,Product 143,18.38,1176.754006500244
P144,2026-01-01,1,167.70443725585938,Product 144,15.16,2542.399268798828
P144,2026-02-01,2,167.184326171875,Product 144,15.16,2534.514384765625
P144,2026-03-01,3,134.89990234375,Product 144,15.16,2045.08251953125
P144,2026-04-01,4,163.2376708984375,Product 144,15.16,2474.6830908203124
P144,2026-05-01,5,162.15274047851562,Product 144,15.16,2458.235545654297
P144,2026-06-01,6,176.97398376464844,Product 144,15.16,2682.9255938720703
P144,2026-07-01,7,166.958740234375,Product 144,15.16,2531.094501953125
P144,2026-08-01,8,175.7622833251953,Product 144,15.16,2664.556215209961
P144,2026-09-01,9,124.98137664794922,Product 144,15.16,1894.7176699829101
P144,2026-10-01,10,156.53575134277344,Product 144,15.16,2373.081990356445
P144,2026-11-01,11,155.9931640625,Product 144,15.16,2364.8563671875
P144,2026-12-01,12,163.0894012451172,Product 144,15.16,2472.4353228759765
P145,2026-01-01,1,31.047527313232422,Product 145,31.54,979.2390114593505
P145,2026-02-01,2,32.68361282348633,Product 145,31.54,1030.8411484527587
P145,2026-03-01,3,30.785051345825195,Product 145,31.54,970.9605194473266
P145,2026-04-01,4,31.150127410888672,Product 145,31.54,982.4750185394287
P145,2026-05-01,5,33.2624397277832,Product 145,31.54,1049.0973490142821
P145,2026-06-01,6,36.66163635253906,Product 145,31.54,1156.308010559082
P145,2026-07-01,7,33.776214599609375,Product 145,31.54,1065.3018084716796
P145,2026-08-01,8,41.34702682495117,Product 145,31.54,1304.08522605896
P145,2026-09-01,9,35.89216995239258,Product 145,31.54,1132.039040298462
P145,2026-10-01,10,32.851051330566406,Product 145,31.54,1036.1221589660645
P145,2026-11-01,11,32.851051330566406,Product 145,31.54,1036.1221589660645
P145,2026-12-01,12,31.564306259155273,Product 145,31.54,995.5382194137572
P146,2026-01-01,1,37.952369689941406,Product 146,24.9,945.0140052795409
P146,2026-02-01,2,32.295875549316406,Product 146,24.9,804.1673011779785
P146,2026-03-01,3,31.452877044677734,Product 146,24.9,783.1766384124755
P146,2026-04-01,4,30.841796875,Product 146,24.9,767.9607421874999
P146,2026-05-01,5,35.30387878417969,Product 146,24.9,879.0665817260742
P146,2026-06-01,6,40.91917037963867,Product 146,24.9,1018.8873424530028
P146,2026-07-01,7,37.47788619995117,Product 146,24.9,933.1993663787841
P146,2026-08-01,8,41.3051872253418,Product 146,24.9,1028.4991619110108
P146,2026-09-01,9,37.249671936035156,Product 146,24.9,927.5168312072753
P146,2026-10-01,10,36.87739562988281,Product 146,24.9,918.247151184082
P146,2026-11-01,11,32.90779495239258,Product 146,24.9,819.4040943145751
P146,2026-12-01,12,32.337886810302734,Product 146,24.9,805.213381576538
P147,2026-01-01,1,68.38629913330078,Product 147,21.43,1465.5183904266357
P147,2026-02-01,2,68.39678192138672,Product 147,21.43,1465.7430365753173
P147,2026-03-01,3,60.87739562988281,Product 147,21.43,1304.6025883483887
P147,2026-04-01,4,65.36463165283203,Product 147,21.43,1400.7640563201903
P147,2026-05-01,5,69.01780700683594,Product 147,21.43,1479.051604156494
P147,2026-06-01,6,87.12855529785156,Product 147,21.43,1867.164940032959
P147,2026-07-01,7,92.87106323242188,Product 147,21.43,1990.2268850708008
P147,2026-08-01,8,93.50199890136719,Product 147,21.43,2003.7478364562987
P147,2026-09-01,9,81.1149673461914,Product 147,21.43,1738.293750228882
P147,2026-10-01,10,76.04627227783203,Product 147,21.43,1629.6716149139404
P147,2026-11-01,11,71.46217346191406,Product 147,21.43,1531.4343772888183
P147,2026-12-01,12,71.94466400146484,Product 147,21.43,1541.7741495513915
P148,2026-01-01,1,119.16732788085938,Product 148,40.31,4803.634986877441
P148,2026-02-01,2,107.86624145507812,Product 148,40.31,4348.088193054199
P148,2026-03-01,3,96.28111267089844,Product 148,40.31,3881.091651763916
P148,2026-04-01,4,98.73750305175781,Product 148,40.31,3980.108748016358
P148,2026-05-01,5,103.3795166015625,Product 148,40.31,4167.228314208985
P148,2026-06-01,6,115.21827697753906,Product 148,40.31,4644.448744964599
P148,2026-07-01,7,114.09981536865234,Product 148,40.31,4599.363557510376
P148,2026-08-01,8,129.9011688232422,Product 148,40.31,5236.316115264893
P148,2026-09-01,9,104.33731842041016,Product 148,40.31,4205.837305526734
P148,2026-10-01,10,108.9796142578125,Product 148,40.31,4392.968250732422
P148,2026-11-01,11,101.53766632080078,Product 148,40.31,4092.98332939148
P148,2026-12-01,12,100.3862075805664,Product 148,40.31,4046.568027572632
P149,2026-01-01,1,70.85389709472656,Product 149,28.02,1985.3261965942384
P149,2026-02-01,2,73.7386703491211,Product 149,28.02,2066.157543182373
P149,2026-03-01,3,70.5022201538086,Product 149,28.02,1975.4722087097168
P149,2026-04-01,4,71.62200927734375,Product 149,28.02,2006.8486999511717
P149,2026-05-01,5,74.4320068359375,Product 149,28.02,2085.584831542969
P149,2026-06-01,6,100.66533660888672,Product 149,28.02,2820.6427317810058
P149,2026-07-01,7,91.1511459350586,Product 149,28.02,2554.0551091003417
P149,2026-08-01,8,97.66658020019531,Product 149,28.02,2736.6175772094725
P149,2026-09-01,9,82.1214370727539,Product 149,28.02,2301.0426667785646
P149,2026-10-01,10,78.44742584228516,Product 149,28.02,2198.09687210083
P149,2026-11-01,11,75.39384460449219,Product 149,28.02,2112.535525817871
P149,2026-12-01,12,73.90541076660156,Product 149,28.02,2070.829609680176
P150,2026-01-01,1,83.2771224975586,Product 150,45.05,3751.6343685150146
P150,2026-02-01,2,93.86329650878906,Product 150,45.05,4228.541507720947
P150,2026-03-01,3,94.8040771484375,Product 150,45.05,4270.923675537109
P150,2026-04-01,4,111.50170135498047,Product 150,45.05,5023.15164604187
P150,2026-05-01,5,87.32019805908203,Product 150,45.05,3933.7749225616453
P150,2026-06-01,6,95.55630493164062,Product 150,45.05,4304.81153717041
P150,2026-07-01,7,96.19095611572266,Product 150,45.05,4333.402573013305
P150,2026-08-01,8,119.37896728515625,Product 150,45.05,5378.022476196289
P150,2026-09-01,9,102.3935546875,Product 150,45.05,4612.829638671875
P150,2026-10-01,10,86.59551239013672,Product 150,45.05,3901.127833175659
P150,2026-11-01,11,84.94552612304688,Product 150,45.05,3826.7959518432613
P150,2026-12-01,12,105.7245101928711,Product 150,45.05,4762.889184188843
P151,2026-01-01,1,58.60205078125,Product 151,50.66,2968.779892578125
P151,2026-02-01,2,58.81373596191406,Product 151,50.66,2979.5038638305664
P151,2026-03-01,3,62.03961181640625,Product 151,50.66,3142.9267346191405
P151,2026-04-01,4,60.78860855102539,Product 151,50.66,3079.550909194946
P151,2026-05-01,5,63.960914611816406,Product 151,50.66,3240.259934234619
P151,2026-06-01,6,62.46457290649414,Product 151,50.66,3164.455263442993
P151,2026-07-01,7,60.07242202758789,Product 151,50.66,3043.2688999176025
P151,2026-08-01,8,62.5804328918457,Product 151,50.66,3170.324730300903
P151,2026-09-01,9,62.902278900146484,Product 151,50.66,3186.6294490814207
P151,2026-10-01,10,59.61244583129883,Product 151,50.66,3019.9665058135984
P151,2026-11-01,11,58.787166595458984,Product 151,50.66,2978.1578597259518
P151,2026-12-01,12,58.787166595458984,Product 151,50.66,2978.1578597259518
P152,2026-01-01,1,33.456336975097656,Product 152,18.83,629.9828252410888
P152,2026-02-01,2,35.23843765258789,Product 152,18.83,663.53978099823
P152,2026-03-01,3,30.974929809570312,Product 152,18.83,583.2579283142089
P152,2026-04-01,4,31.586009979248047,Product 152,18.83,594.7645679092407
P152,2026-05-01,5,35.894737243652344,Product 152,18.83,675.8979022979736
P152,2026-06-01,6,41.26402282714844,Product 152,18.83,777.001549835205
P152,2026-07-01,7,42.59343338012695,Product 152,18.83,802.0343505477905
P152,2026-08-01,8,46.031097412109375,Product 152,18.83,866.7655642700195
P152,2026-09-01,9,40.25751495361328,Product 152,18.83,758.049006576538
P152,2026-10-01,10,38.6411247253418,Product 152,18.83,727.6123785781859
P152,2026-11-01,11,37.726219177246094,Product 152,18.83,710.3847071075439
P152,2026-12-01,12,34.15571212768555,Product 152,18.83,643.1520593643188
P153,2026-01-01,1,132.31980895996094,Product 153,21.22,2807.826346130371
P153,2026-02-01,2,121.58048248291016,Product 153,21.22,2579.9378382873533
P153,2026-03-01,3,128.0475311279297,Product 153,21.22,2717.168610534668
P153,2026-04-01,4,119.25470733642578,Product 153,21.22,2530.584889678955
P153,2026-05-01,5,149.25047302246094,Product 153,21.22,3167.095037536621
P153,2026-06-01,6,148.5665283203125,Product 153,21.22,3152.581730957031
P153,2026-07-01,7,155.83682250976562,Product 153,21.22,3306.857373657226
P153,2026-08-01,8,146.75306701660156,Product 153,21.22,3114.100082092285
P153,2026-09-01,9,133.61639404296875,Product 153,21.22,2835.3398815917967
P153,2026-10-01,10,127.17327117919922,Product 153,21.22,2698.616814422607
P153,2026-11-01,11,162.3569793701172,Product 153,21.22,3445.2151022338867
P153,2026-12-01,12,135.6395263671875,Product 153,21.22,2878.270749511719
P154,2026-01-01,1,51.43052291870117,Product 154,39.41,2026.876908226013
P154,2026-02-01,2,50.54939270019531,Product 154,39.41,1992.151566314697
P154,2026-03-01,3,50.207672119140625,Product 154,39.41,1978.684358215332
P154,2026-04-01,4,47.85538864135742,Product 154,39.41,1885.9808663558958
P154,2026-05-01,5,48.160362243652344,Product 154,39.41,1897.9998760223386
P154,2026-06-01,6,50.09115982055664,Product 154,39.41,1974.0926085281371
P154,2026-07-01,7,50.82279968261719,Product 154,39.41,2002.9265354919432
P154,2026-08-01,8,50.254310607910156,Product 154,39.41,1980.522381057739
P154,2026-09-01,9,52.6519660949707,Product 154,39.41,2075.0139838027953
P154,2026-10-01,10,51.930240631103516,Product 154,39.41,2046.5707832717894
P154,2026-11-01,11,48.22966766357422,Product 154,39.41,1900.7312026214597
P154,2026-12-01,12,47.79816818237305,Product 154,39.41,1883.7258080673216
P155,2026-01-01,1,126.32360076904297,Product 155,37.37,4720.712960739135
P155,2026-02-01,2,156.0699920654297,Product 155,37.37,5832.335603485107
P155,2026-03-01,3,133.82882690429688,Product 155,37.37,5001.183261413574
P155,2026-04-01,4,154.35971069335938,Product 155,37.37,5768.422388610839
P155,2026-05-01,5,163.3766326904297,Product 155,37.37,6105.384763641357
P155,2026-06-01,6,146.8528289794922,Product 155,37.37,5487.890218963623
P155,2026-07-01,7,141.54505920410156,Product 155,37.37,5289.538862457275
P155,2026-08-01,8,176.80909729003906,Product 155,37.37,6607.35596572876
P155,2026-09-01,9,124.7580795288086,Product 155,37.37,4662.209431991577
P155,2026-10-01,10,153.58514404296875,Product 155,37.37,5739.476832885742
P155,2026-11-01,11,149.70211791992188,Product 155,37.37,5594.36814666748
P155,2026-12-01,12,136.00225830078125,Product 155,37.37,5082.404392700195
P156,2026-01-01,1,62.361961364746094,Product 156,35.48,2212.602389221191
P156,2026-02-01,2,63.35509490966797,Product 156,35.48,2247.838767395019
P156,2026-03-01,3,61.64044952392578,Product 156,35.48,2187.0031491088866
P156,2026-04-01,4,63.41851043701172,Product 156,35.48,2250.0887503051754
P156,2026-05-01,5,67.22652435302734,Product 156,35.48,2385.19708404541
P156,2026-06-01,6,67.45337677001953,Product 156,35.48,2393.245807800293
P156,2026-07-01,7,71.3304672241211,Product 156,35.48,2530.8049771118162
P156,2026-08-01,8,72.9015121459961,Product 156,35.48,2586.545650939941
P156,2026-09-01,9,66.52789306640625,Product 156,35.48,2360.4096459960933
P156,2026-10-01,10,65.91899108886719,Product 156,35.48,2338.8058038330078
P156,2026-11-01,11,65.15509033203125,Product 156,35.48,2311.7026049804685
P156,2026-12-01,12,64.64804077148438,Product 156,35.48,2293.7124865722653
P157,2026-01-01,1,116.13941192626953,Product 157,92.08,10694.117050170898
P157,2026-02-01,2,107.68440246582031,Product 157,92.08,9915.579779052734
P157,2026-03-01,3,101.11455535888672,Product 157,92.08,9310.62825744629
P157,2026-04-01,4,106.48472595214844,Product 157,92.08,9805.113565673828
P157,2026-05-01,5,109.7377700805664,Product 157,92.08,10104.653869018555
P157,2026-06-01,6,145.20372009277344,Product 157,92.08,13370.358546142577
P157,2026-07-01,7,128.2703094482422,Product 157,92.08,11811.130093994141
P157,2026-08-01,8,148.22882080078125,Product 157,92.08,13648.909819335937
P157,2026-09-01,9,111.91358184814453,Product 157,92.08,10305.002616577149
P157,2026-10-01,10,117.86741638183594,Product 157,92.08,10853.231700439454
P157,2026-11-01,11,111.1982650756836,Product 157,92.08,10239.136248168945
P157,2026-12-01,12,104.30136108398438,Product 157,92.08,9604.069328613281
P158,2026-01-01,1,93.42353057861328,Product 158,96.62,9026.581524505616
P158,2026-02-01,2,93.1729965209961,Product 158,96.62,9002.374923858642
P158,2026-03-01,3,89.94266510009766,Product 158,96.62,8690.260301971435
P158,2026-04-01,4,96.2175521850586,Product 158,96.62,9296.539892120361
P158,2026-05-01,5,95.10826110839844,Product 158,96.62,9189.360188293458
P158,2026-06-01,6,96.96062469482422,Product 158,96.62,9368.335558013916
P158,2026-07-01,7,96.61609649658203,Product 158,96.62,9335.047243499755
P158,2026-08-01,8,95.37504577636719,Product 158,96.62,9215.136922912598
P158,2026-09-01,9,89.71317291259766,Product 158,96.62,8668.086766815186
P158,2026-10-01,10,93.2529525756836,Product 158,96.62,9010.10027786255
P158,2026-11-01,11,91.2627944946289,Product 158,96.62,8817.811204071046
P158,2026-12-01,12,90.90876007080078,Product 158,96.62,8783.604398040772
P159,2026-01-01,1,78.3067626953125,Product 159,9.17,718.0730139160156
P159,2026-02-01,2,70.76921844482422,Product 159,9.17,648.953733139038
P159,2026-03-01,3,73.25468444824219,Product 159,9.17,671.7454563903808
P159,2026-04-01,4,70.36778259277344,Product 159,9.17,645.2725663757324
P159,2026-05-01,5,77.55702209472656,Product 159,9.17,711.1978926086425
P159,2026-06-01,6,90.25586700439453,Product 159,9.17,827.6463004302979
P159,2026-07-01,7,88.25405883789062,Product 159,9.17,809.2897195434571
P159,2026-08-01,8,89.82775115966797,Product 159,9.17,823.7204781341553
P159,2026-09-01,9,85.13484191894531,Product 159,9.17,780.6865003967285
P159,2026-10-01,10,80.5257568359375,Product 159,9.17,738.4211901855468
P159,2026-11-01,11,74.76126861572266,Product 159,9.17,685.5608332061768
P159,2026-12-01,12,71.98869323730469,Product 159,9.17,660.136316986084
P160,2026-01-01,1,74.3757095336914,Product 160,32.23,2397.1291182708737
P160,2026-02-01,2,69.77749633789062,Product 160,32.23,2248.9287069702145
P160,2026-03-01,3,69.56210327148438,Product 160,32.23,2241.986588439941
P160,2026-04-01,4,68.89329528808594,Product 160,32.23,2220.4309071350094
P160,2026-05-01,5,87.0182113647461,Product 160,32.23,2804.5969522857663
P160,2026-06-01,6,83.3878402709961,Product 160,32.23,2687.590091934204
P160,2026-07-01,7,82.79851531982422,Product 160,32.23,2668.5961487579343
P160,2026-08-01,8,78.04188537597656,Product 160,32.23,2515.2899656677246
P160,2026-09-01,9,69.53815460205078,Product 160,32.23,2241.2147228240965
P160,2026-10-01,10,72.53679656982422,Product 160,32.23,2337.8609534454345
P160,2026-11-01,11,73.70150756835938,Product 160,32.23,2375.3995889282223
P160,2026-12-01,12,70.52980041503906,Product 160,32.23,2273.1754673767086
P161,2026-01-01,1,31.623123168945312,Product 161,26.27,830.7394456481934
P161,2026-02-01,2,30.595787048339844,Product 161,26.27,803.7513257598877
P161,2026-03-01,3,30.707033157348633,Product 161,26.27,806.6737610435486
P161,2026-04-01,4,31.87397003173828,Product 161,26.27,837.3291927337647
P161,2026-05-01,5,37.76485061645508,Product 161,26.27,992.0826256942748
P161,2026-06-01,6,34.73368453979492,Product 161,26.27,912.4538928604126
P161,2026-07-01,7,34.54979705810547,Product 161,26.27,907.6231687164307
P161,2026-08-01,8,34.54979705810547,Product 161,26.27,907.6231687164307
P161,2026-09-01,9,32.337886810302734,Product 161,26.27,849.5162865066528
P161,2026-10-01,10,31.00997543334961,Product 161,26.27,814.6320546340942
P161,2026-11-01,11,31.00997543334961,Product 161,26.27,814.6320546340942
P161,2026-12-01,12,30.763961791992188,Product 161,26.27,808.1692762756347
P162,2026-01-01,1,73.79027557373047,Product 162,14.98,1105.3783280944824
P162,2026-02-01,2,72.54310607910156,Product 162,14.98,1086.6957290649414
P162,2026-03-01,3,73.25508117675781,Product 162,14.98,1097.3611160278322
P162,2026-04-01,4,74.49797058105469,Product 162,14.98,1115.9795993041992
P162,2026-05-01,5,76.13517761230469,Product 162,14.98,1140.5049606323244
P162,2026-06-01,6,89.77753448486328,Product 162,14.98,1344.867466583252
P162,2026-07-01,7,94.2716293334961,Product 162,14.98,1412.1890074157716
P162,2026-08-01,8,106.70628356933594,Product 162,14.98,1598.4601278686523
P162,2026-09-01,9,89.45262908935547,Product 162,14.98,1340.000383758545
P162,2026-10-01,10,81.86153411865234,Product 162,14.98,1226.2857810974122
P162,2026-11-01,11,78.36686706542969,Product 162,14.98,1173.9356686401368
P162,2026-12-01,12,72.44567108154297,Product 162,14.98,1085.2361528015138
P163,2026-01-01,1,156.27540588378906,Product 163,9.42,1472.114323425293
P163,2026-02-01,2,342.32623291015625,Product 163,9.42,3224.7131140136717
P163,2026-03-01,3,159.15589904785156,Product 163,9.42,1499.2485690307617
P163,2026-04-01,4,166.94798278808594,Product 163,9.42,1572.6499978637696
P163,2026-05-01,5,189.99302673339844,Product 163,9.42,1789.7343118286133
P163,2026-06-01,6,265.4698791503906,Product 163,9.42,2500.7262615966797
P163,2026-07-01,7,169.527099609375,Product 163,9.42,1596.9452783203126
P163,2026-08-01,8,602.2386474609375,Product 163,9.42,5673.088059082032
P163,2026-09-01,9,110.75462341308594,Product 163,9.42,1043.3085525512695
P163,2026-10-01,10,155.72555541992188,Product 163,9.42,1466.934732055664
P163,2026-11-01,11,186.0740509033203,Product 163,9.42,1752.8175595092773
P163,2026-12-01,12,195.33689880371094,Product 163,9.42,1840.073586730957
P164,2026-01-01,1,126.42532348632812,Product 164,8.0,1011.402587890625
P164,2026-02-01,2,125.07821655273438,Product 164,8.0,1000.625732421875
P164,2026-03-01,3,120.23551177978516,Product 164,8.0,961.8840942382812
P164,2026-04-01,4,122.33977508544922,Product 164,8.0,978.7182006835938
P164,2026-05-01,5,138.20297241210938,Product 164,8.0,1105.623779296875
P164,2026-06-01,6,144.3878936767578,Product 164,8.0,1155.1031494140625
P164,2026-07-01,7,140.3645477294922,Product 164,8.0,1122.9163818359375
P164,2026-08-01,8,147.4513702392578,Product 164,8.0,1179.6109619140625
P164,2026-09-01,9,127.34956359863281,Product 164,8.0,1018.7965087890625
P164,2026-10-01,10,120.36439514160156,Product 164,8.0,962.9151611328125
P164,2026-11-01,11,120.16407775878906,Product 164,8.0,961.3126220703125
P164,2026-12-01,12,126.748046875,Product 164,8.0,1013.984375
P165,2026-01-01,1,40.85527038574219,Product 165,24.66,1007.4909677124024
P165,2026-02-01,2,37.742218017578125,Product 165,24.66,930.7230963134766
P165,2026-03-01,3,45.97837448120117,Product 165,24.66,1133.826714706421
P165,2026-04-01,4,39.799163818359375,Product 165,24.66,981.4473797607421
P165,2026-05-01,5,48.88105392456055,Product 165,24.66,1205.406789779663
P165,2026-06-01,6,49.92938995361328,Product 165,24.66,1231.2587562561034
P165,2026-07-01,7,50.4461555480957,Product 165,24.66,1244.00219581604
P165,2026-08-01,8,50.032711029052734,Product 165,24.66,1233.8066539764404
P165,2026-09-01,9,47.21879577636719,Product 165,24.66,1164.4155038452147
P165,2026-10-01,10,43.39015197753906,Product 165,24.66,1070.0011477661133
P165,2026-11-01,11,48.96281814575195,Product 165,24.66,1207.4230954742432
P165,2026-12-01,12,45.61140060424805,Product 165,24.66,1124.7771389007569
P166,2026-01-01,1,106.14786529541016,Product 166,21.54,2286.4250184631346
P166,2026-02-01,2,97.1004867553711,Product 166,21.54,2091.5444847106933
P166,2026-03-01,3,96.07404327392578,Product 166,21.54,2069.4348921203614
P166,2026-04-01,4,88.72964477539062,Product 166,21.54,1911.236548461914
P166,2026-05-01,5,101.44292449951172,Product 166,21.54,2185.0805937194823
P166,2026-06-01,6,118.98670959472656,Product 166,21.54,2562.97372467041
P166,2026-07-01,7,117.29817199707031,Product 166,21.54,2526.6026248168946
P166,2026-08-01,8,116.8344955444336,Product 166,21.54,2516.6150340270997
P166,2026-09-01,9,102.79180908203125,Product 166,21.54,2214.135567626953
P166,2026-10-01,10,88.57575225830078,Product 166,21.54,1907.9217036437988
P166,2026-11-01,11,91.03512573242188,Product 166,21.54,1960.896608276367
P166,2026-12-01,12,88.61454010009766,Product 166,21.54,1908.7571937561033
P167,2026-01-01,1,88.81006622314453,Product 167,35.47,3150.0930489349366
P167,2026-02-01,2,81.72145080566406,Product 167,35.47,2898.6598600769044
P167,2026-03-01,3,76.27470397949219,Product 167,35.47,2705.4637501525876
P167,2026-04-01,4,89.2628173828125,Product 167,35.47,3166.1521325683593
P167,2026-05-01,5,84.37619018554688,Product 167,35.47,2992.8234658813476
P167,2026-06-01,6,88.9192886352539,Product 167,35.47,3153.967167892456
P167,2026-07-01,7,94.12940216064453,Product 167,35.47,3338.7698946380615
P167,2026-08-01,8,98.21065521240234,Product 167,35.47,3483.531940383911
P167,2026-09-01,9,84.94356536865234,Product 167,35.47,3012.9482636260987
P167,2026-10-01,10,87.66854095458984,Product 167,35.47,3109.6031476593016
P167,2026-11-01,11,87.15433502197266,Product 167,35.47,3091.36426322937
P167,2026-12-01,12,81.8454360961914,Product 167,35.47,2903.057618331909
P168,2026-01-01,1,122.7655258178711,Product 168,24.07,2954.9662064361573
P168,2026-02-01,2,107.07818603515625,Product 168,24.07,2577.371937866211
P168,2026-03-01,3,106.18424987792969,Product 168,24.07,2555.8548945617677
P168,2026-04-01,4,100.28605651855469,Product 168,24.07,2413.885380401611
P168,2026-05-01,5,113.1187515258789,Product 168,24.07,2722.768349227905
P168,2026-06-01,6,122.36519622802734,Product 168,24.07,2945.330273208618
P168,2026-07-01,7,112.10504150390625,Product 168,24.07,2698.3683489990235
P168,2026-08-01,8,121.13601684570312,Product 168,24.07,2915.7439254760743
P168,2026-09-01,9,109.82256317138672,Product 168,24.07,2643.4290955352785
P168,2026-10-01,10,103.9363021850586,Product 168,24.07,2501.7467935943605
P168,2026-11-01,11,106.00178527832031,Product 168,24.07,2551.46297164917
P168,2026-12-01,12,101.93795776367188,Product 168,24.07,2453.6466433715823
P169,2026-01-01,1,74.81946563720703,Product 169,52.32,3914.5544421386717
P169,2026-02-01,2,79.13775634765625,Product 169,52.32,4140.487412109375
P169,2026-03-01,3,75.34998321533203,Product 169,52.32,3942.311121826172
P169,2026-04-01,4,72.20038604736328,Product 169,52.32,3777.524197998047
P169,2026-05-01,5,76.99534606933594,Product 169,52.32,4028.396506347656
P169,2026-06-01,6,93.03394317626953,Product 169,52.32,4867.535906982422
P169,2026-07-01,7,85.87786865234375,Product 169,52.32,4493.130087890625
P169,2026-08-01,8,110.01607513427734,Product 169,52.32,5756.0410510253905
P169,2026-09-01,9,89.5145034790039,Product 169,52.32,4683.398822021484
P169,2026-10-01,10,81.46974182128906,Product 169,52.32,4262.496892089844
P169,2026-11-01,11,77.9990463256836,Product 169,52.32,4080.9101037597657
P169,2026-12-01,12,74.27240753173828,Product 169,52.32,3885.932362060547
P170,2026-01-01,1,59.4088020324707,Product 170,68.49,4068.908851203918
P170,2026-02-01,2,59.85521697998047,Product 170,68.49,4099.483810958862
P170,2026-03-01,3,75.4962158203125,Product 170,68.49,5170.735821533202
P170,2026-04-01,4,94.52144622802734,Product 170,68.49,6473.773852157592
P170,2026-05-01,5,77.73570251464844,Product 170,68.49,5324.118265228271
P170,2026-06-01,6,78.45854949951172,Product 170,68.49,5373.626055221557
P170,2026-07-01,7,104.10810089111328,Product 170,68.49,7130.363830032348
P170,2026-08-01,8,91.08479309082031,Product 170,68.49,6238.397478790283
P170,2026-09-01,9,82.36055755615234,Product 170,68.49,5640.874587020873
P170,2026-10-01,10,78.61693572998047,Product 170,68.49,5384.473928146362
P170,2026-11-01,11,67.5195541381836,Product 170,68.49,4624.414262924194
P170,2026-12-01,12,71.76261138916016,Product 170,68.49,4915.021254043579
P171,2026-01-01,1,179.22720336914062,Product 171,17.64,3161.567867431641
P171,2026-02-01,2,155.31414794921875,Product 171,17.64,2739.741569824219
P171,2026-03-01,3,163.44215393066406,Product 171,17.64,2883.1195953369142
P171,2026-04-01,4,148.5994110107422,Product 171,17.64,2621.293610229492
P171,2026-05-01,5,155.3168487548828,Product 171,17.64,2739.789212036133
P171,2026-06-01,6,142.63327026367188,Product 171,17.64,2516.050887451172
P171,2026-07-01,7,185.40478515625,Product 171,17.64,3270.54041015625
P171,2026-08-01,8,171.10328674316406,Product 171,17.64,3018.261978149414
P171,2026-09-01,9,156.2541961669922,Product 171,17.64,2756.324020385742
P171,2026-10-01,10,142.9355010986328,Product 171,17.64,2521.382239379883
P171,2026-11-01,11,152.9395294189453,Product 171,17.64,2697.8532989501955
P171,2026-12-01,12,140.3914337158203,Product 171,17.64,2476.5048907470705
P172,2026-01-01,1,74.75250244140625,Product 172,19.62,1466.6440979003908
P172,2026-02-01,2,72.65730285644531,Product 172,19.62,1425.536282043457
P172,2026-03-01,3,70.50914764404297,Product 172,19.62,1383.389476776123
P172,2026-04-01,4,71.81302642822266,Product 172,19.62,1408.9715785217286
P172,2026-05-01,5,73.13214874267578,Product 172,19.62,1434.852758331299
P172,2026-06-01,6,77.63780975341797,Product 172,19.62,1523.2538273620605
P172,2026-07-01,7,78.51786804199219,Product 172,19.62,1540.5205709838867
P172,2026-08-01,8,78.27411651611328,Product 172,19.62,1535.7381660461426
P172,2026-09-01,9,72.63221740722656,Product 172,19.62,1425.0441055297852
P172,2026-10-01,10,70.23670959472656,Product 172,19.62,1378.0442422485353
P172,2026-11-01,11,68.82611083984375,Product 172,19.62,1350.3682946777344
P172,2026-12-01,12,68.13758087158203,Product 172,19.62,1336.8593367004396
P173,2026-01-01,1,117.31970977783203,Product 173,78.32,9188.479669799804
P173,2026-02-01,2,166.32408142089844,Product 173,78.32,13026.502056884765
P173,2026-03-01,3,162.72882080078125,Product 173,78.32,12744.921245117186
P173,2026-04-01,4,130.79600524902344,Product 173,78.32,10243.943131103515
P173,2026-05-01,5,126.20356750488281,Product 173,78.32,9884.263406982422
P173,2026-06-01,6,202.40240478515625,Product 173,78.32,15852.156342773436
P173,2026-07-01,7,170.44920349121094,Product 173,78.32,13349.581617431639
P173,2026-08-01,8,159.67633056640625,Product 173,78.32,12505.850209960936
P173,2026-09-01,9,166.04331970214844,Product 173,78.32,13004.512799072265
P173,2026-10-01,10,123.3732681274414,Product 173,78.32,9662.59435974121
P173,2026-11-01,11,118.70059967041016,Product 173,78.32,9296.630966186523
P173,2026-12-01,12,139.05914306640625,Product 173,78.32,10891.112084960936
P174,2026-01-01,1,103.26753997802734,Product 174,15.62,1613.038974456787
P174,2026-02-01,2,75.78739166259766,Product 174,15.62,1183.7990577697753
P174,2026-03-01,3,110.446044921875,Product 174,15.62,1725.1672216796874
P174,2026-04-01,4,90.63997650146484,Product 174,15.62,1415.7964329528809
P174,2026-05-01,5,114.4091567993164,Product 174,15.62,1787.0710292053222
P174,2026-06-01,6,148.764892578125,Product 174,15.62,2323.7076220703125
P174,2026-07-01,7,148.72479248046875,Product 174,15.62,2323.0812585449216
P174,2026-08-01,8,200.07081604003906,Product 174,15.62,3125.10614654541
P174,2026-09-01,9,139.0288848876953,Product 174,15.62,2171.6311819458006
P174,2026-10-01,10,152.58619689941406,Product 174,15.62,2383.3963955688473
P174,2026-11-01,11,116.10651397705078,Product 174,15.62,1813.5837483215332
P174,2026-12-01,12,119.36186981201172,Product 174,15.62,1864.432406463623
P175,2026-01-01,1,64.08125305175781,Product 175,104.65,6706.103131866455
P175,2026-02-01,2,63.897483825683594,Product 175,104.65,6686.871682357789
P175,2026-03-01,3,63.87702560424805,Product 175,104.65,6684.730729484559
P175,2026-04-01,4,59.804874420166016,Product 175,104.65,6258.580108070374
P175,2026-05-01,5,60.16897201538086,Product 175,104.65,6296.682921409607
P175,2026-06-01,6,67.14110565185547,Product 175,104.65,7026.316706466675
P175,2026-07-01,7,64.20025634765625,Product 175,104.65,6718.556826782227
P175,2026-08-01,8,62.63149642944336,Product 175,104.65,6554.386101341248
P175,2026-09-01,9,60.049110412597656,Product 175,104.65,6284.139404678345
P175,2026-10-01,10,58.41865921020508,Product 175,104.65,6113.512686347962
P175,2026-11-01,11,57.39093780517578,Product 175,104.65,6005.9616413116455
P175,2026-12-01,12,60.59937286376953,Product 175,104.65,6341.724370193482
P176,2026-01-01,1,70.6160888671875,Product 176,136.5,9639.096130371094
P176,2026-02-01,2,73.72151184082031,Product 176,136.5,10062.986366271973
P176,2026-03-01,3,61.256805419921875,Product 176,136.5,8361.553939819336
P176,2026-04-01,4,66.2760009765625,Product 176,136.5,9046.674133300781
P176,2026-05-01,5,82.89019012451172,Product 176,136.5,11314.51095199585
P176,2026-06-01,6,78.89883422851562,Product 176,136.5,10769.690872192383
P176,2026-07-01,7,71.86869812011719,Product 176,136.5,9810.077293395996
P176,2026-08-01,8,74.08352661132812,Product 176,136.5,10112.401382446289
P176,2026-09-01,9,68.50955200195312,Product 176,136.5,9351.553848266602
P176,2026-10-01,10,67.83802032470703,Product 176,136.5,9259.88977432251
P176,2026-11-01,11,69.35279846191406,Product 176,136.5,9466.65699005127
P176,2026-12-01,12,68.5363998413086,Product 176,136.5,9355.218578338623
P177,2026-01-01,1,225.80711364746094,Product 177,22.85,5159.692546844482
P177,2026-02-01,2,261.5022277832031,Product 177,22.85,5975.325904846191
P177,2026-03-01,3,178.4946746826172,Product 177,22.85,4078.603316497803
P177,2026-04-01,4,184.3361053466797,Product 177,22.85,4212.080007171631
P177,2026-05-01,5,377.4739685058594,Product 177,22.85,8625.280180358886
P177,2026-06-01,6,297.7601318359375,Product 177,22.85,6803.819012451172
P177,2026-07-01,7,263.88372802734375,Product 177,22.85,6029.743185424805
P177,2026-08-01,8,242.63552856445312,Product 177,22.85,5544.221827697755
P177,2026-09-01,9,196.55108642578125,Product 177,22.85,4491.192324829102
P177,2026-10-01,10,168.4799041748047,Product 177,22.85,3849.765810394287
P177,2026-11-01,11,264.6150817871094,Product 177,22.85,6046.45461883545
P177,2026-12-01,12,236.17933654785156,Product 177,22.85,5396.697840118409
P178,2026-01-01,1,79.42675018310547,Product 178,31.88,2532.1247958374024
P178,2026-02-01,2,79.78804016113281,Product 178,31.88,2543.642720336914
P178,2026-03-01,3,74.78203582763672,Product 178,31.88,2384.0513021850584
P178,2026-04-01,4,76.23358154296875,Product 178,31.88,2430.3265795898437
P178,2026-05-01,5,73.13681030273438,Product 178,31.88,2331.601512451172
P178,2026-06-01,6,92.59874725341797,Product 178,31.88,2952.0480624389647
P178,2026-07-01,7,94.24864959716797,Product 178,31.88,3004.646949157715
P178,2026-08-01,8,94.21746063232422,Product 178,31.88,3003.652644958496
P178,2026-09-01,9,84.43559265136719,Product 178,31.88,2691.806693725586
P178,2026-10-01,10,88.95663452148438,Product 178,31.88,2835.937508544922
P178,2026-11-01,11,80.62621307373047,Product 178,31.88,2570.3636727905273
P178,2026-12-01,12,76.40546417236328,Product 178,31.88,2435.8061978149412
P179,2026-01-01,1,47.9560546875,Product 179,39.75,1906.253173828125
P179,2026-02-01,2,50.73577117919922,Product 179,39.75,2016.746904373169
P179,2026-03-01,3,45.383705139160156,Product 179,39.75,1804.0022792816162
P179,2026-04-01,4,51.23903274536133,Product 179,39.75,2036.7515516281128
P179,2026-05-01,5,53.65353775024414,Product 179,39.75,2132.7281255722046
P179,2026-06-01,6,52.89210510253906,Product 179,39.75,2102.4611778259277
P179,2026-07-01,7,51.228031158447266,Product 179,39.75,2036.3142385482788
P179,2026-08-01,8,51.43966293334961,Product 179,39.75,2044.726601600647
P179,2026-09-01,9,46.64448165893555,Product 179,39.75,1854.118145942688
P179,2026-10-01,10,50.56650161743164,Product 179,39.75,2010.0184392929077
P179,2026-11-01,11,47.72919845581055,Product 179,39.75,1897.2356386184692
P179,2026-12-01,12,51.29136276245117,Product 179,39.75,2038.831669807434
P180,2026-01-01,1,32.53551483154297,Product 180,11.64,378.7133926391602
P180,2026-02-01,2,32.005104064941406,Product 180,11.64,372.53941131591796
P180,2026-03-01,3,32.824485778808594,Product 180,11.64,382.07701446533207
P180,2026-04-01,4,30.728553771972656,Product 180,11.64,357.68036590576173
P180,2026-05-01,5,34.633460998535156,Product 180,11.64,403.1334860229492
P180,2026-06-01,6,35.19087600708008,Product 180,11.64,409.6217967224121
P180,2026-07-01,7,34.40139389038086,Product 180,11.64,400.43222488403325
P180,2026-08-01,8,35.11823272705078,Product 180,11.64,408.7762289428711
P180,2026-09-01,9,32.619834899902344,Product 180,11.64,379.6948782348633
P180,2026-10-01,10,31.29192543029785,Product 180,11.64,364.238012008667
P180,2026-11-01,11,31.90298843383789,Product 180,11.64,371.35078536987305
P180,2026-12-01,12,33.38785171508789,Product 180,11.64,388.63459396362305
P181,2026-01-01,1,129.51095581054688,Product 181,135.85,17594.063346862793
P181,2026-02-01,2,125.53568267822266,Product 181,135.85,17054.022491836546
P181,2026-03-01,3,123.16549682617188,Product 181,135.85,16732.032743835447
P181,2026-04-01,4,124.0791015625,Product 181,135.85,16856.145947265624
P181,2026-05-01,5,123.7071304321289,Product 181,135.85,16805.61366920471
P181,2026-06-01,6,135.26416015625,Product 181,135.85,18375.636157226563
P181,2026-07-01,7,135.62477111816406,Product 181,135.85,18424.625156402588
P181,2026-08-01,8,132.6793975830078,Product 181,135.85,18024.496161651612
P181,2026-09-01,9,118.52169799804688,Product 181,135.85,16101.172673034667
P181,2026-10-01,10,118.11140441894531,Product 181,135.85,16045.43429031372
P181,2026-11-01,11,120.49185180664062,Product 181,135.85,16368.818067932129
P181,2026-12-01,12,122.32484436035156,Product 181,135.85,16617.83010635376
P182,2026-01-01,1,75.8178939819336,Product 182,8.0,606.5431518554688
P182,2026-02-01,2,67.76215362548828,Product 182,8.0,542.0972290039062
P182,2026-03-01,3,69.1556625366211,Product 182,8.0,553.2453002929688
P182,2026-04-01,4,72.78423309326172,Product 182,8.0,582.2738647460938
P182,2026-05-01,5,74.34982299804688,Product 182,8.0,594.798583984375
P182,2026-06-01,6,77.83061981201172,Product 182,8.0,622.6449584960938
P182,2026-07-01,7,91.84707641601562,Product 182,8.0,734.776611328125
P182,2026-08-01,8,87.45674896240234,Product 182,8.0,699.6539916992188
P182,2026-09-01,9,79.9424057006836,Product 182,8.0,639.5392456054688
P182,2026-10-01,10,75.68175506591797,Product 182,8.0,605.4540405273438
P182,2026-11-01,11,72.44340515136719,Product 182,8.0,579.5472412109375
P182,2026-12-01,12,70.63507843017578,Product 182,8.0,565.0806274414062
P183,2026-01-01,1,44.111541748046875,Product 183,28.32,1249.2388623046875
P183,2026-02-01,2,42.08555221557617,Product 183,28.32,1191.8628387451172
P183,2026-03-01,3,45.183658599853516,Product 183,28.32,1279.6012115478516
P183,2026-04-01,4,44.6323127746582,Product 183,28.32,1263.9870977783203
P183,2026-05-01,5,48.03496170043945,Product 183,28.32,1360.3501153564453
P183,2026-06-01,6,51.78480529785156,Product 183,28.32,1466.5456860351562
P183,2026-07-01,7,49.42325210571289,Product 183,28.32,1399.666499633789
P183,2026-08-01,8,48.49142074584961,Product 183,28.32,1373.277035522461
P183,2026-09-01,9,58.35096740722656,Product 183,28.32,1652.4993969726563
P183,2026-10-01,10,58.43654251098633,Product 183,28.32,1654.9228839111329
P183,2026-11-01,11,59.63661193847656,Product 183,28.32,1688.9088500976563
P183,2026-12-01,12,57.499752044677734,Product 183,28.32,1628.3929779052735
P184,2026-01-01,1,80.38671875,Product 184,22.45,1804.6818359375
P184,2026-02-01,2,93.63127899169922,Product 184,22.45,2102.0222133636476
P184,2026-03-01,3,89.7603988647461,Product 184,22.45,2015.1209545135498
P184,2026-04-01,4,90.23106384277344,Product 184,22.45,2025.6873832702636
P184,2026-05-01,5,98.98495483398438,Product 184,22.45,2222.212236022949
P184,2026-06-01,6,123.33763122558594,Product 184,22.45,2768.9298210144043
P184,2026-07-01,7,111.48816680908203,Product 184,22.45,2502.9093448638914
P184,2026-08-01,8,128.40257263183594,Product 184,22.45,2882.6377555847166
P184,2026-09-01,9,103.36392211914062,Product 184,22.45,2320.520051574707
P184,2026-10-01,10,99.19808959960938,Product 184,22.45,2226.9971115112303
P184,2026-11-01,11,88.82379150390625,Product 184,22.45,1994.0941192626954
P184,2026-12-01,12,87.1935806274414,Product 184,22.45,1957.4958850860596
P185,2026-01-01,1,84.37457275390625,Product 185,130.77,11033.662879028321
P185,2026-02-01,2,89.2373046875,Product 185,130.77,11669.562333984375
P185,2026-03-01,3,89.3805923461914,Product 185,130.77,11688.300061111451
P185,2026-04-01,4,74.38134765625,Product 185,130.77,9726.848833007813
P185,2026-05-01,5,80.5055923461914,Product 185,130.77,10527.716311111451
P185,2026-06-01,6,93.84477233886719,Product 185,130.77,12272.080878753663
P185,2026-07-01,7,95.99252319335938,Product 185,130.77,12552.942257995606
P185,2026-08-01,8,104.30206298828125,Product 185,130.77,13639.58077697754
P185,2026-09-01,9,93.67565155029297,Product 185,130.77,12249.964953231813
P185,2026-10-01,10,76.24732971191406,Product 185,130.77,9970.863306427003
P185,2026-11-01,11,87.85203552246094,Product 185,130.77,11488.410685272218
P185,2026-12-01,12,82.86480712890625,Product 185,130.77,10836.230828247071
P186,2026-01-01,1,31.047527313232422,Product 186,31.3,971.7876049041748
P186,2026-02-01,2,33.430965423583984,Product 186,31.3,1046.3892177581788
P186,2026-03-01,3,30.539043426513672,Product 186,31.3,955.8720592498779
P186,2026-04-01,4,30.785051345825195,Product 186,31.3,963.5721071243287
P186,2026-05-01,5,33.2624397277832,Product 186,31.3,1041.1143634796142
P186,2026-06-01,6,34.93077087402344,Product 186,31.3,1093.3331283569337
P186,2026-07-01,7,35.26107406616211,Product 186,31.3,1103.671618270874
P186,2026-08-01,8,41.34702682495117,Product 186,31.3,1294.1619396209717
P186,2026-09-01,9,33.90747833251953,Product 186,31.3,1061.3040718078614
P186,2026-10-01,10,32.851051330566406,Product 186,31.3,1028.2379066467286
P186,2026-11-01,11,32.851051330566406,Product 186,31.3,1028.2379066467286
P186,2026-12-01,12,30.953229904174805,Product 186,31.3,968.8360960006714
P187,2026-01-01,1,127.09403991699219,Product 187,9.98,1268.398518371582
P187,2026-02-01,2,103.4157485961914,Product 187,9.98,1032.0891709899902
P187,2026-03-01,3,167.3853759765625,Product 187,9.98,1670.5060522460938
P187,2026-04-01,4,121.83352661132812,Product 187,9.98,1215.8985955810547
P187,2026-05-01,5,132.4686279296875,Product 187,9.98,1322.0369067382812
P187,2026-06-01,6,150.52015686035156,Product 187,9.98,1502.1911654663086
P187,2026-07-01,7,164.45481872558594,Product 187,9.98,1641.2590908813477
P187,2026-08-01,8,161.98178100585938,Product 187,9.98,1616.5781744384767
P187,2026-09-01,9,153.2541046142578,Product 187,9.98,1529.475964050293
P187,2026-10-01,10,124.77970123291016,Product 187,9.98,1245.3014183044434
P187,2026-11-01,11,122.51410675048828,Product 187,9.98,1222.690785369873
P187,2026-12-01,12,116.8833236694336,Product 187,9.98,1166.4955702209472
P188,2026-01-01,1,161.5592498779297,Product 188,43.42,7014.902629699707
P188,2026-02-01,2,162.38934326171875,Product 188,43.42,7050.9452844238285
P188,2026-03-01,3,145.73809814453125,Product 188,43.42,6327.948221435548
P188,2026-04-01,4,156.9644012451172,Product 188,43.42,6815.394302062989
P188,2026-05-01,5,167.7860107421875,Product 188,43.42,7285.268586425782
P188,2026-06-01,6,161.78912353515625,Product 188,43.42,7024.883743896485
P188,2026-07-01,7,179.2576141357422,Product 188,43.42,7783.365605773926
P188,2026-08-01,8,200.45718383789062,Product 188,43.42,8703.850922241212
P188,2026-09-01,9,149.50698852539062,Product 188,43.42,6491.593441772461
P188,2026-10-01,10,158.6072235107422,Product 188,43.42,6886.725644836426
P188,2026-11-01,11,169.2401123046875,Product 188,43.42,7348.405676269532
P188,2026-12-01,12,149.99578857421875,Product 188,43.42,6512.817139892579
P189,2026-01-01,1,255.67958068847656,Product 189,36.91,9437.133323211669
P189,2026-02-01,2,191.28123474121094,Product 189,36.91,7060.190374298095
P189,2026-03-01,3,171.0474853515625,Product 189,36.91,6313.362684326171
P189,2026-04-01,4,233.0400848388672,Product 189,36.91,8601.509531402588
P189,2026-05-01,5,226.2460479736328,Product 189,36.91,8350.741630706787
P189,2026-06-01,6,236.6407470703125,Product 189,36.91,8734.409974365233
P189,2026-07-01,7,280.38348388671875,Product 189,36.91,10348.954390258788
P189,2026-08-01,8,290.7048034667969,Product 189,36.91,10729.914295959472
P189,2026-09-01,9,247.29385375976562,Product 189,36.91,9127.61614227295
P189,2026-10-01,10,237.87576293945312,Product 189,36.91,8779.994410095214
P189,2026-11-01,11,301.2522888183594,Product 189,36.91,11119.221980285643
P189,2026-12-01,12,343.5259094238281,Product 189,36.91,12679.541316833494
P190,2026-01-01,1,78.15597534179688,Product 190,76.98,6016.446981811524
P190,2026-02-01,2,75.5000991821289,Product 190,76.98,5811.997635040283
P190,2026-03-01,3,74.31580352783203,Product 190,76.98,5720.83055557251
P190,2026-04-01,4,73.32717895507812,Product 190,76.98,5644.726235961914
P190,2026-05-01,5,75.6993637084961,Product 190,76.98,5827.33701828003
P190,2026-06-01,6,93.22706604003906,Product 190,76.98,7176.619543762207
P190,2026-07-01,7,87.94486999511719,Product 190,76.98,6769.996092224122
P190,2026-08-01,8,94.53602600097656,Product 190,76.98,7277.383281555176
P190,2026-09-01,9,92.19757843017578,Product 190,76.98,7097.369587554932
P190,2026-10-01,10,84.12692260742188,Product 190,76.98,6476.090502319336
P190,2026-11-01,11,81.40396118164062,Product 190,76.98,6266.476931762696
P190,2026-12-01,12,78.85598754882812,Product 190,76.98,6070.333921508789
P191,2026-01-01,1,96.63465881347656,Product 191,8.0,773.0772705078125
P191,2026-02-01,2,83.8162841796875,Product 191,8.0,670.5302734375
P191,2026-03-01,3,82.59980773925781,Product 191,8.0,660.7984619140625
P191,2026-04-01,4,85.88522338867188,Product 191,8.0,687.081787109375
P191,2026-05-01,5,90.56251525878906,Product 191,8.0,724.5001220703125
P191,2026-06-01,6,93.02137756347656,Product 191,8.0,744.1710205078125
P191,2026-07-01,7,97.8707275390625,Product 191,8.0,782.9658203125
P191,2026-08-01,8,97.53180694580078,Product 191,8.0,780.2544555664062
P191,2026-09-01,9,86.76301574707031,Product 191,8.0,694.1041259765625
P191,2026-10-01,10,97.95219421386719,Product 191,8.0,783.6175537109375
P191,2026-11-01,11,85.84927368164062,Product 191,8.0,686.794189453125
P191,2026-12-01,12,86.44092559814453,Product 191,8.0,691.5274047851562
P192,2026-01-01,1,242.9898223876953,Product 192,61.3,14895.276112365722
P192,2026-02-01,2,256.103271484375,Product 192,61.3,15699.130541992186
P192,2026-03-01,3,165.99749755859375,Product 192,61.3,10175.646600341797
P192,2026-04-01,4,166.52078247070312,Product 192,61.3,10207.7239654541
P192,2026-05-01,5,176.97816467285156,Product 192,61.3,10848.7614944458
P192,2026-06-01,6,182.73239135742188,Product 192,61.3,11201.495590209961
P192,2026-07-01,7,257.0126647949219,Product 192,61.3,15754.87635192871
P192,2026-08-01,8,221.99803161621094,Product 192,61.3,13608.47933807373
P192,2026-09-01,9,152.90280151367188,Product 192,61.3,9372.941732788086
P192,2026-10-01,10,167.90451049804688,Product 192,61.3,10292.546493530273
P192,2026-11-01,11,164.53553771972656,Product 192,61.3,10086.028462219238
P192,2026-12-01,12,149.3787841796875,Product 192,61.3,9156.919470214843
P193,2026-01-01,1,106.36045837402344,Product 193,65.44,6960.228395996093
P193,2026-02-01,2,101.7319564819336,Product 193,65.44,6657.339232177734
P193,2026-03-01,3,92.23390197753906,Product 193,65.44,6035.786545410156
P193,2026-04-01,4,84.39865112304688,Product 193,65.44,5523.0477294921875
P193,2026-05-01,5,114.15097045898438,Product 193,65.44,7470.039506835938
P193,2026-06-01,6,113.07000732421875,Product 193,65.44,7399.301279296875
P193,2026-07-01,7,94.47421264648438,Product 193,65.44,6182.392475585937
P193,2026-08-01,8,133.6448974609375,Product 193,65.44,8745.72208984375
P193,2026-09-01,9,92.76728820800781,Product 193,65.44,6070.691340332031
P193,2026-10-01,10,84.0450668334961,Product 193,65.44,5499.909173583984
P193,2026-11-01,11,122.32585144042969,Product 193,65.44,8005.003718261719
P193,2026-12-01,12,93.90194702148438,Product 193,65.44,6144.943413085937
P194,2026-01-01,1,96.54845428466797,Product 194,17.85,1723.3899089813233
P194,2026-02-01,2,94.88873291015625,Product 194,17.85,1693.7638824462892
P194,2026-03-01,3,90.78636169433594,Product 194,17.85,1620.5365562438967
P194,2026-04-01,4,92.9430923461914,Product 194,17.85,1659.0341983795167
P194,2026-05-01,5,97.45911407470703,Product 194,17.85,1739.6451862335207
P194,2026-06-01,6,105.9255599975586,Product 194,17.85,1890.7712459564211
P194,2026-07-01,7,105.99966430664062,Product 194,17.85,1892.0940078735352
P194,2026-08-01,8,127.38164520263672,Product 194,17.85,2273.762366867066
P194,2026-09-01,9,101.47962951660156,Product 194,17.85,1811.411386871338
P194,2026-10-01,10,99.31062316894531,Product 194,17.85,1772.694623565674
P194,2026-11-01,11,88.5183334350586,Product 194,17.85,1580.0522518157961
P194,2026-12-01,12,87.2717514038086,Product 194,17.85,1557.8007625579835
P195,2026-01-01,1,53.27925491333008,Product 195,14.56,775.7459515380859
P195,2026-02-01,2,48.66381072998047,Product 195,14.56,708.5450842285156
P195,2026-03-01,3,48.151832580566406,Product 195,14.56,701.0906823730469
P195,2026-04-01,4,47.63449478149414,Product 195,14.56,693.5582440185547
P195,2026-05-01,5,51.58280944824219,Product 195,14.56,751.0457055664062
P195,2026-06-01,6,53.363929748535156,Product 195,14.56,776.978817138672
P195,2026-07-01,7,51.4521369934082,Product 195,14.56,749.1431146240235
P195,2026-08-01,8,54.84711456298828,Product 195,14.56,798.5739880371094
P195,2026-09-01,9,49.25872802734375,Product 195,14.56,717.207080078125
P195,2026-10-01,10,48.047569274902344,Product 195,14.56,699.5726086425782
P195,2026-11-01,11,51.23225402832031,Product 195,14.56,745.9416186523438
P195,2026-12-01,12,52.21672439575195,Product 195,14.56,760.2755072021484
P196,2026-01-01,1,46.59450149536133,Product 196,17.89,833.5756317520141
P196,2026-02-01,2,67.55094909667969,Product 196,17.89,1208.4864793395996
P196,2026-03-01,3,45.67333984375,Product 196,17.89,817.0960498046875
P196,2026-04-01,4,45.970157623291016,Product 196,17.89,822.4061198806763
P196,2026-05-01,5,48.90309143066406,Product 196,17.89,874.8763056945801
P196,2026-06-01,6,56.3167724609375,Product 196,17.89,1007.5070593261719
P196,2026-07-01,7,58.94658660888672,Product 196,17.89,1054.5544344329835
P196,2026-08-01,8,56.08730697631836,Product 196,17.89,1003.4019218063355
P196,2026-09-01,9,51.56351852416992,Product 196,17.89,922.4713463973999
P196,2026-10-01,10,49.07245635986328,Product 196,17.89,877.9062442779541
P196,2026-11-01,11,46.918060302734375,Product 196,17.89,839.3640988159179
P196,2026-12-01,12,50.825347900390625,Product 196,17.89,909.2654739379883
P197,2026-01-01,1,79.4830551147461,Product 197,64.93,5160.8347686004645
P197,2026-02-01,2,142.55831909179688,Product 197,64.93,9256.311658630371
P197,2026-03-01,3,126.12383270263672,Product 197,64.93,8189.220457382203
P197,2026-04-01,4,113.99076080322266,Product 197,64.93,7401.420098953248
P197,2026-05-01,5,138.60060119628906,Product 197,64.93,8999.33703567505
P197,2026-06-01,6,162.62850952148438,Product 197,64.93,10559.469123229981
P197,2026-07-01,7,178.53314208984375,Product 197,64.93,11592.156915893556
P197,2026-08-01,8,221.17855834960938,Product 197,64.93,14361.123793640138
P197,2026-09-01,9,174.169677734375,Product 197,64.93,11308.83717529297
P197,2026-10-01,10,169.93426513671875,Product 197,64.93,11033.83183532715
P197,2026-11-01,11,175.07980346679688,Product 197,64.93,11367.931639099123
P197,2026-12-01,12,157.16748046875,Product 197,64.93,10204.884506835939
P198,2026-01-01,1,35.995662689208984,Product 198,53.21,1915.32921169281
P198,2026-02-01,2,30.894983291625977,Product 198,53.21,1643.9220609474182
P198,2026-03-01,3,30.637922286987305,Product 198,53.21,1630.2438448905946
P198,2026-04-01,4,31.249006271362305,Product 198,53.21,1662.7596236991883
P198,2026-05-01,5,35.323944091796875,Product 198,53.21,1879.5870651245118
P198,2026-06-01,6,40.53574752807617,Product 198,53.21,2156.907125968933
P198,2026-07-01,7,43.603004455566406,Product 198,53.21,2320.1158670806885
P198,2026-08-01,8,43.354957580566406,Product 198,53.21,2306.9172928619387
P198,2026-09-01,9,39.703590393066406,Product 198,53.21,2112.6280448150637
P198,2026-10-01,10,37.4265022277832,Product 198,53.21,1991.4641835403443
P198,2026-11-01,11,36.85242462158203,Product 198,53.21,1960.9175141143799
P198,2026-12-01,12,33.59894561767578,Product 198,53.21,1787.7998963165282
P199,2026-01-01,1,114.2466049194336,Product 199,20.26,2314.6362156677246
P199,2026-02-01,2,124.42789459228516,Product 199,20.26,2520.9091444396977
P199,2026-03-01,3,105.63243103027344,Product 199,20.26,2140.11305267334
P199,2026-04-01,4,110.933349609375,Product 199,20.26,2247.5096630859375
P199,2026-05-01,5,118.26142120361328,Product 199,20.26,2395.976393585205
P199,2026-06-01,6,147.17886352539062,Product 199,20.26,2981.8437750244143
P199,2026-07-01,7,156.2161102294922,Product 199,20.26,3164.938393249512
P199,2026-08-01,8,158.476318359375,Product 199,20.26,3210.730209960938
P199,2026-09-01,9,127.22647857666016,Product 199,20.26,2577.608455963135
P199,2026-10-01,10,126.45907592773438,Product 199,20.26,2562.0608782958984
P199,2026-11-01,11,122.99221801757812,Product 199,20.26,2491.822337036133
P199,2026-12-01,12,115.52828216552734,Product 199,20.26,2340.602996673584
P200,2026-01-01,1,46.64793395996094,Product 200,56.16,2619.747971191406
P200,2026-02-01,2,45.10910415649414,Product 200,56.16,2533.3272894287106
P200,2026-03-01,3,43.39750671386719,Product 200,56.16,2437.2039770507813
P200,2026-04-01,4,52.510066986083984,Product 200,56.16,2948.9653619384762
P200,2026-05-01,5,53.52078628540039,Product 200,56.16,3005.7273577880856
P200,2026-06-01,6,52.50300598144531,Product 200,56.16,2948.5688159179685
P200,2026-07-01,7,54.98732376098633,Product 200,56.16,3088.088102416992
P200,2026-08-01,8,55.34751892089844,Product 200,56.16,3108.316662597656
P200,2026-09-01,9,46.83580780029297,Product 200,56.16,2630.298966064453
P200,2026-10-01,10,51.395320892333984,Product 200,56.16,2886.3612213134766
P200,2026-11-01,11,47.51063537597656,Product 200,56.16,2668.1972827148434
P200,2026-12-01,12,45.53398513793945,Product 200,56.16,2557.1886053466797
P201,2026-01-01,1,81.18109130859375,Product 201,75.92,6163.268452148438
P201,2026-02-01,2,78.61746978759766,Product 201,75.92,5968.638306274414
P201,2026-03-01,3,74.54289245605469,Product 201,75.92,5659.296395263672
P201,2026-04-01,4,72.63235473632812,Product 201,75.92,5514.248371582032
P201,2026-05-01,5,90.4895248413086,Product 201,75.92,6869.964725952149
P201,2026-06-01,6,85.12772369384766,Product 201,75.92,6462.896782836914
P201,2026-07-01,7,87.79180908203125,Product 201,75.92,6665.154145507812
P201,2026-08-01,8,102.15728759765625,Product 201,75.92,7755.781274414063
P201,2026-09-01,9,87.97126007080078,Product 201,75.92,6678.7780645751955
P201,2026-10-01,10,88.66805267333984,Product 201,75.92,6731.678558959961
P201,2026-11-01,11,85.14744567871094,Product 201,75.92,6464.394075927735
P201,2026-12-01,12,82.43711853027344,Product 201,75.92,6258.626038818359
P202,2026-01-01,1,63.998260498046875,Product 202,22.96,1469.4000610351563
P202,2026-02-01,2,52.53046417236328,Product 202,22.96,1206.099457397461
P202,2026-03-01,3,56.86838150024414,Product 202,22.96,1305.6980392456055
P202,2026-04-01,4,67.52879333496094,Product 202,22.96,1550.4610949707032
P202,2026-05-01,5,55.751930236816406,Product 202,22.96,1280.0643182373046
P202,2026-06-01,6,60.58428955078125,Product 202,22.96,1391.0152880859375
P202,2026-07-01,7,59.10249328613281,Product 202,22.96,1356.9932458496094
P202,2026-08-01,8,61.122093200683594,Product 202,22.96,1403.3632598876954
P202,2026-09-01,9,61.45417404174805,Product 202,22.96,1410.9878359985353
P202,2026-10-01,10,66.91509246826172,Product 202,22.96,1536.3705230712892
P202,2026-11-01,11,55.90408706665039,Product 202,22.96,1283.557839050293
P202,2026-12-01,12,55.341670989990234,Product 202,22.96,1270.644765930176
P203,2026-01-01,1,137.68748474121094,Product 203,70.08,9649.138930664063
P203,2026-02-01,2,153.9540557861328,Product 203,70.08,10789.100229492187
P203,2026-03-01,3,137.26690673828125,Product 203,70.08,9619.66482421875
P203,2026-04-01,4,136.44485473632812,Product 203,70.08,9562.055419921875
P203,2026-05-01,5,159.4696502685547,Product 203,70.08,11175.633090820313
P203,2026-06-01,6,171.83251953125,Product 203,70.08,12042.02296875
P203,2026-07-01,7,170.1468505859375,Product 203,70.08,11923.8912890625
P203,2026-08-01,8,181.39352416992188,Product 203,70.08,12712.058173828125
P203,2026-09-01,9,149.3585968017578,Product 203,70.08,10467.050463867186
P203,2026-10-01,10,127.8440170288086,Product 203,70.08,8959.308713378907
P203,2026-11-01,11,150.6970977783203,Product 203,70.08,10560.852612304687
P203,2026-12-01,12,154.15733337402344,Product 203,70.08,10803.345922851562
P204,2026-01-01,1,117.94999694824219,Product 204,21.29,2511.155435028076
P204,2026-02-01,2,130.96112060546875,Product 204,21.29,2788.1622576904297
P204,2026-03-01,3,121.94780731201172,Product 204,21.29,2596.2688176727293
P204,2026-04-01,4,116.12918853759766,Product 204,21.29,2472.390423965454
P204,2026-05-01,5,117.28824615478516,Product 204,21.29,2497.066760635376
P204,2026-06-01,6,123.35887908935547,Product 204,21.29,2626.310535812378
P204,2026-07-01,7,118.41724395751953,Product 204,21.29,2521.1031238555906
P204,2026-08-01,8,119.67028045654297,Product 204,21.29,2547.7802709197995
P204,2026-09-01,9,106.19548034667969,Product 204,21.29,2260.9017765808103
P204,2026-10-01,10,101.0043716430664,Product 204,21.29,2150.383072280884
P204,2026-11-01,11,91.91582489013672,Product 204,21.29,1956.8879119110106
P204,2026-12-01,12,108.52517700195312,Product 204,21.29,2310.5010183715817
P205,2026-01-01,1,418.9967041015625,Product 205,22.04,9234.687358398438
P205,2026-02-01,2,351.5736083984375,Product 205,22.04,7748.682329101563
P205,2026-03-01,3,515.5318603515625,Product 205,22.04,11362.322202148436
P205,2026-04-01,4,481.4551086425781,Product 205,22.04,10611.270594482421
P205,2026-05-01,5,679.3845825195312,Product 205,22.04,14973.636198730468
P205,2026-06-01,6,778.9437866210938,Product 205,22.04,17167.921057128904
P205,2026-07-01,7,731.4058227539062,Product 205,22.04,16120.184333496092
P205,2026-08-01,8,738.9293823242188,Product 205,22.04,16286.00358642578
P205,2026-09-01,9,653.2666015625,Product 205,22.04,14397.995898437499
P205,2026-10-01,10,709.8905029296875,Product 205,22.04,15645.986684570313
P205,2026-11-01,11,636.028076171875,Product 205,22.04,14018.058798828124
P205,2026-12-01,12,639.9646606445312,Product 205,22.04,14104.821120605468
P206,2026-01-01,1,41.02091598510742,Product 206,26.03,1067.7744430923462
P206,2026-02-01,2,40.87980651855469,Product 206,26.03,1064.1013636779785
P206,2026-03-01,3,37.537864685058594,Product 206,26.03,977.1106177520752
P206,2026-04-01,4,37.845272064208984,Product 206,26.03,985.1124318313599
P206,2026-05-01,5,38.6671257019043,Product 206,26.03,1006.5052820205689
P206,2026-06-01,6,44.304969787597656,Product 206,26.03,1153.2583635711671
P206,2026-07-01,7,46.441951751708984,Product 206,26.03,1208.8840040969849
P206,2026-08-01,8,47.54051208496094,Product 206,26.03,1237.4795295715332
P206,2026-09-01,9,46.193519592285156,Product 206,26.03,1202.4173149871826
P206,2026-10-01,10,46.193519592285156,Product 206,26.03,1202.4173149871826
P206,2026-11-01,11,46.44926834106445,Product 206,26.03,1209.0744549179078
P206,2026-12-01,12,45.784889221191406,Product 206,26.03,1191.7806664276125
P207,2026-01-01,1,76.69882202148438,Product 207,35.87,2751.1867459106443
P207,2026-02-01,2,87.31172180175781,Product 207,35.87,3131.8714610290526
P207,2026-03-01,3,80.33509063720703,Product 207,35.87,2881.619701156616
P207,2026-04-01,4,76.9205322265625,Product 207,35.87,2759.1394909667965
P207,2026-05-01,5,76.87723541259766,Product 207,35.87,2757.5864342498776
P207,2026-06-01,6,89.27936553955078,Product 207,35.87,3202.450841903686
P207,2026-07-01,7,83.6283950805664,Product 207,35.87,2999.7505315399167
P207,2026-08-01,8,93.96214294433594,Product 207,35.87,3370.42206741333
P207,2026-09-01,9,90.56893920898438,Product 207,35.87,3248.707849426269
P207,2026-10-01,10,85.17086791992188,Product 207,35.87,3055.0790322875973
P207,2026-11-01,11,81.24274444580078,Product 207,35.87,2914.177243270874
P207,2026-12-01,12,77.60565185546875,Product 207,35.87,2783.7147320556637
P208,2026-01-01,1,70.11663818359375,Product 208,8.0,560.93310546875
P208,2026-02-01,2,70.31816101074219,Product 208,8.0,562.5452880859375
P208,2026-03-01,3,67.95027923583984,Product 208,8.0,543.6022338867188
P208,2026-04-01,4,66.13262176513672,Product 208,8.0,529.0609741210938
P208,2026-05-01,5,91.52478790283203,Product 208,8.0,732.1983032226562
P208,2026-06-01,6,95.5896224975586,Product 208,8.0,764.7169799804688
P208,2026-07-01,7,99.20014190673828,Product 208,8.0,793.6011352539062
P208,2026-08-01,8,94.25379180908203,Product 208,8.0,754.0303344726562
P208,2026-09-01,9,83.5682373046875,Product 208,8.0,668.5458984375
P208,2026-10-01,10,80.80445098876953,Product 208,8.0,646.4356079101562
P208,2026-11-01,11,77.744873046875,Product 208,8.0,621.958984375
P208,2026-12-01,12,72.36968994140625,Product 208,8.0,578.95751953125
P209,2026-01-01,1,89.44645690917969,Product 209,12.96,1159.2260815429688
P209,2026-02-01,2,81.03973388671875,Product 209,12.96,1050.274951171875
P209,2026-03-01,3,77.44419860839844,Product 209,12.96,1003.6768139648439
P209,2026-04-01,4,75.12389373779297,Product 209,12.96,973.605662841797
P209,2026-05-01,5,89.34129333496094,Product 209,12.96,1157.863161621094
P209,2026-06-01,6,110.60054016113281,Product 209,12.96,1433.3830004882814
P209,2026-07-01,7,111.68717956542969,Product 209,12.96,1447.4658471679688
P209,2026-08-01,8,103.50965881347656,Product 209,12.96,1341.4851782226563
P209,2026-09-01,9,92.07877349853516,Product 209,12.96,1193.3409045410158
P209,2026-10-01,10,89.51714324951172,Product 209,12.96,1160.142176513672
P209,2026-11-01,11,84.9092788696289,Product 209,12.96,1100.4242541503907
P209,2026-12-01,12,89.02997589111328,Product 209,12.96,1153.8284875488282
P210,2026-01-01,1,265.97198486328125,Product 210,8.0,2127.77587890625
P210,2026-02-01,2,226.43743896484375,Product 210,8.0,1811.49951171875
P210,2026-03-01,3,209.3954620361328,Product 210,8.0,1675.1636962890625
P210,2026-04-01,4,216.0489501953125,Product 210,8.0,1728.3916015625
P210,2026-05-01,5,230.27310180664062,Product 210,8.0,1842.184814453125
P210,2026-06-01,6,381.4947814941406,Product 210,8.0,3051.958251953125
P210,2026-07-01,7,236.40118408203125,Product 210,8.0,1891.20947265625
P210,2026-08-01,8,243.9999542236328,Product 210,8.0,1951.9996337890625
P210,2026-09-01,9,193.73294067382812,Product 210,8.0,1549.863525390625
P210,2026-10-01,10,309.3042297363281,Product 210,8.0,2474.433837890625
P210,2026-11-01,11,231.35377502441406,Product 210,8.0,1850.8302001953125
P210,2026-12-01,12,222.16534423828125,Product 210,8.0,1777.32275390625
P211,2026-01-01,1,111.3259506225586,Product 211,45.97,5117.653950119018
P211,2026-02-01,2,85.47411346435547,Product 211,45.97,3929.244995956421
P211,2026-03-01,3,87.9079818725586,Product 211,45.97,4041.1299266815186
P211,2026-04-01,4,110.46803283691406,Product 211,45.97,5078.215469512939
P211,2026-05-01,5,99.75364685058594,Product 211,45.97,4585.675145721435
P211,2026-06-01,6,115.58541107177734,Product 211,45.97,5313.461346969604
P211,2026-07-01,7,113.75456237792969,Product 211,45.97,5229.297232513428
P211,2026-08-01,8,112.28668212890625,Product 211,45.97,5161.81877746582
P211,2026-09-01,9,97.87712097167969,Product 211,45.97,4499.411251068115
P211,2026-10-01,10,103.46666717529297,Product 211,45.97,4756.362690048218
P211,2026-11-01,11,89.14128875732422,Product 211,45.97,4097.825044174194
P211,2026-12-01,12,81.633056640625,Product 211,45.97,3752.671613769531
P212,2026-01-01,1,32.81484603881836,Product 212,73.66,2417.1415592193603
P212,2026-02-01,2,30.63030433654785,Product 212,73.66,2256.2282174301145
P212,2026-03-01,3,31.60807228088379,Product 212,73.66,2328.2506042099
P212,2026-04-01,4,30.63030433654785,Product 212,73.66,2256.2282174301145
P212,2026-05-01,5,36.9660530090332,Product 212,73.66,2722.9194646453857
P212,2026-06-01,6,41.030311584472656,Product 212,73.66,3022.292751312256
P212,2026-07-01,7,42.359718322753906,Product 212,73.66,3120.216851654053
P212,2026-08-01,8,41.397918701171875,Product 212,73.66,3049.37069152832
P212,2026-09-01,9,41.8785514831543,Product 212,73.66,3084.7741022491455
P212,2026-10-01,10,36.54012680053711,Product 212,73.66,2691.5457401275635
P212,2026-11-01,11,36.654239654541016,Product 212,73.66,2699.9512929534912
P212,2026-12-01,12,32.842105865478516,Product 212,73.66,2419.1495180511474
P213,2026-01-01,1,108.92224884033203,Product 213,85.2,9280.17560119629
P213,2026-02-01,2,100.9363021850586,Product 213,85.2,8599.772946166993
P213,2026-03-01,3,100.25312805175781,Product 213,85.2,8541.566510009767
P213,2026-04-01,4,101.91743469238281,Product 213,85.2,8683.365435791016
P213,2026-05-01,5,102.83458709716797,Product 213,85.2,8761.506820678711
P213,2026-06-01,6,98.20660400390625,Product 213,85.2,8367.202661132813
P213,2026-07-01,7,99.57836151123047,Product 213,85.2,8484.076400756836
P213,2026-08-01,8,99.57836151123047,Product 213,85.2,8484.076400756836
P213,2026-09-01,9,85.16925048828125,Product 213,85.2,7256.420141601563
P213,2026-10-01,10,95.88809967041016,Product 213,85.2,8169.666091918945
P213,2026-11-01,11,96.67975616455078,Product 213,85.2,8237.115225219726
P213,2026-12-01,12,96.02051544189453,Product 213,85.2,8180.947915649414
P214,2026-01-01,1,129.50144958496094,Product 214,8.0,1036.0115966796875
P214,2026-02-01,2,120.62094116210938,Product 214,8.0,964.967529296875
P214,2026-03-01,3,95.04505157470703,Product 214,8.0,760.3604125976562
P214,2026-04-01,4,107.363037109375,Product 214,8.0,858.904296875
P214,2026-05-01,5,119.80052185058594,Product 214,8.0,958.4041748046875
P214,2026-06-01,6,107.49816131591797,Product 214,8.0,859.9852905273438
P214,2026-07-01,7,128.99319458007812,Product 214,8.0,1031.945556640625
P214,2026-08-01,8,140.6604461669922,Product 214,8.0,1125.2835693359375
P214,2026-09-01,9,104.77486419677734,Product 214,8.0,838.1989135742188
P214,2026-10-01,10,105.66712951660156,Product 214,8.0,845.3370361328125
P214,2026-11-01,11,128.2769317626953,Product 214,8.0,1026.2154541015625
P214,2026-12-01,12,94.53117370605469,Product 214,8.0,756.2493896484375
P215,2026-01-01,1,50.788780212402344,Product 215,29.65,1505.8873332977294
P215,2026-02-01,2,50.53192138671875,Product 215,29.65,1498.271469116211
P215,2026-03-01,3,50.89377212524414,Product 215,29.65,1509.0003435134886
P215,2026-04-01,4,53.290889739990234,Product 215,29.65,1580.0748807907103
P215,2026-05-01,5,54.007179260253906,Product 215,29.65,1601.3128650665283
P215,2026-06-01,6,60.29557418823242,Product 215,29.65,1787.7637746810913
P215,2026-07-01,7,57.31968688964844,Product 215,29.65,1699.528716278076
P215,2026-08-01,8,59.33928680419922,Product 215,29.65,1759.4098537445068
P215,2026-09-01,9,54.317344665527344,Product 215,29.65,1610.5092693328857
P215,2026-10-01,10,54.16230010986328,Product 215,29.65,1605.912198257446
P215,2026-11-01,11,48.572383880615234,Product 215,29.65,1440.1711820602416
P215,2026-12-01,12,51.521507263183594,Product 215,29.65,1527.6126903533934
P216,2026-01-01,1,152.6460723876953,Product 216,11.72,1789.011968383789
P216,2026-02-01,2,141.1651611328125,Product 216,11.72,1654.4556884765625
P216,2026-03-01,3,149.30897521972656,Product 216,11.72,1749.9011895751953
P216,2026-04-01,4,139.81341552734375,Product 216,11.72,1638.6132299804688
P216,2026-05-01,5,154.8395538330078,Product 216,11.72,1814.7195709228517
P216,2026-06-01,6,152.4215545654297,Product 216,11.72,1786.380619506836
P216,2026-07-01,7,202.65611267089844,Product 216,11.72,2375.1296405029298
P216,2026-08-01,8,170.0497283935547,Product 216,11.72,1992.982816772461
P216,2026-09-01,9,176.52976989746094,Product 216,11.72,2068.928903198242
P216,2026-10-01,10,114.36558532714844,Product 216,11.72,1340.3646600341797
P216,2026-11-01,11,165.31008911132812,Product 216,11.72,1937.4342443847656
P216,2026-12-01,12,165.04542541503906,Product 216,11.72,1934.332385864258
P217,2026-01-01,1,54.63615036010742,Product 217,10.34,564.9377947235107
P217,2026-02-01,2,60.280574798583984,Product 217,10.34,623.3011434173584
P217,2026-03-01,3,55.18147277832031,Product 217,10.34,570.576428527832
P217,2026-04-01,4,51.766380310058594,Product 217,10.34,535.2643724060058
P217,2026-05-01,5,58.15962600708008,Product 217,10.34,601.370532913208
P217,2026-06-01,6,60.602622985839844,Product 217,10.34,626.631121673584
P217,2026-07-01,7,53.11320114135742,Product 217,10.34,549.1904998016357
P217,2026-08-01,8,60.37427520751953,Product 217,10.34,624.2700056457519
P217,2026-09-01,9,58.51931381225586,Product 217,10.34,605.0897048187255
P217,2026-10-01,10,51.074798583984375,Product 217,10.34,528.1134173583985
P217,2026-11-01,11,56.47880554199219,Product 217,10.34,583.9908493041992
P217,2026-12-01,12,57.795536041259766,Product 217,10.34,597.605842666626
P218,2026-01-01,1,59.763694763183594,Product 218,18.54,1108.0189009094238
P218,2026-02-01,2,58.3099365234375,Product 218,18.54,1081.0662231445312
P218,2026-03-01,3,50.782615661621094,Product 218,18.54,941.509694366455
P218,2026-04-01,4,47.614078521728516,Product 218,18.54,882.7650157928466
P218,2026-05-01,5,60.98723220825195,Product 218,18.54,1130.703285140991
P218,2026-06-01,6,57.47256088256836,Product 218,18.54,1065.5412787628172
P218,2026-07-01,7,60.35860824584961,Product 218,18.54,1119.0485968780517
P218,2026-08-01,8,63.11322021484375,Product 218,18.54,1170.119102783203
P218,2026-09-01,9,58.02995681762695,Product 218,18.54,1075.8753993988037
P218,2026-10-01,10,55.87653732299805,Product 218,18.54,1035.9510019683837
P218,2026-11-01,11,62.980560302734375,Product 218,18.54,1167.6595880126952
P218,2026-12-01,12,56.6808967590332,Product 218,18.54,1050.8638259124755
P219,2026-01-01,1,74.55607604980469,Product 219,10.74,800.7322567749023
P219,2026-02-01,2,76.49967956542969,Product 219,10.74,821.6065585327149
P219,2026-03-01,3,73.93023681640625,Product 219,10.74,794.0107434082031
P219,2026-04-01,4,69.98542022705078,Product 219,10.74,751.6434132385255
P219,2026-05-01,5,71.99684143066406,Product 219,10.74,773.246076965332
P219,2026-06-01,6,93.55342864990234,Product 219,10.74,1004.7638236999512
P219,2026-07-01,7,95.39677429199219,Product 219,10.74,1024.561355895996
P219,2026-08-01,8,104.27569580078125,Product 219,10.74,1119.9209729003906
P219,2026-09-01,9,83.82721710205078,Product 219,10.74,900.3043116760255
P219,2026-10-01,10,78.67554473876953,Product 219,10.74,844.9753504943848
P219,2026-11-01,11,70.14676666259766,Product 219,10.74,753.3762739562989
P219,2026-12-01,12,70.50140380859375,Product 219,10.74,757.1850769042969
P220,2026-01-01,1,124.42618560791016,Product 220,132.12,16439.187642517092
P220,2026-02-01,2,119.4275894165039,Product 220,132.12,15778.773113708497
P220,2026-03-01,3,122.58169555664062,Product 220,132.12,16195.49361694336
P220,2026-04-01,4,111.59768676757812,Product 220,132.12,14744.286375732423
P220,2026-05-01,5,120.00791931152344,Product 220,132.12,15855.446299438478
P220,2026-06-01,6,122.07902526855469,Product 220,132.12,16129.080818481445
P220,2026-07-01,7,121.30738830566406,Product 220,132.12,16027.132142944336
P220,2026-08-01,8,118.83135223388672,Product 220,132.12,15699.998257141115
P220,2026-09-01,9,115.25193786621094,Product 220,132.12,15227.08603088379
P220,2026-10-01,10,107.88519287109375,Product 220,132.12,14253.791682128907
P220,2026-11-01,11,111.82234191894531,Product 220,132.12,14773.967814331056
P220,2026-12-01,12,111.82234191894531,Product 220,132.12,14773.967814331056
P221,2026-01-01,1,112.93949127197266,Product 221,9.37,1058.2430332183837
P221,2026-02-01,2,112.90209197998047,Product 221,9.37,1057.8926018524169
P221,2026-03-01,3,110.8665771484375,Product 221,9.37,1038.8198278808593
P221,2026-04-01,4,102.15323638916016,Product 221,9.37,957.1758249664306
P221,2026-05-01,5,117.06006622314453,Product 221,9.37,1096.8528205108641
P221,2026-06-01,6,119.38494110107422,Product 221,9.37,1118.6368981170654
P221,2026-07-01,7,121.70997619628906,Product 221,9.37,1140.4224769592283
P221,2026-08-01,8,129.62457275390625,Product 221,9.37,1214.5822467041014
P221,2026-09-01,9,117.86408996582031,Product 221,9.37,1104.3865229797361
P221,2026-10-01,10,117.50544738769531,Product 221,9.37,1101.026042022705
P221,2026-11-01,11,114.55801391601562,Product 221,9.37,1073.4085903930663
P221,2026-12-01,12,126.53264617919922,Product 221,9.37,1185.6108946990967
P222,2026-01-01,1,82.29711151123047,Product 222,13.51,1111.8339765167236
P222,2026-02-01,2,93.01483154296875,Product 222,13.51,1256.6303741455079
P222,2026-03-01,3,86.08662414550781,Product 222,13.51,1163.0302922058106
P222,2026-04-01,4,78.82588195800781,Product 222,13.51,1064.9376652526855
P222,2026-05-01,5,75.72122955322266,Product 222,13.51,1022.9938112640381
P222,2026-06-01,6,79.02742004394531,Product 222,13.51,1067.6604447937011
P222,2026-07-01,7,81.00479888916016,Product 222,13.51,1094.3748329925536
P222,2026-08-01,8,82.5706787109375,Product 222,13.51,1115.5298693847656
P222,2026-09-01,9,76.05511474609375,Product 222,13.51,1027.5046002197266
P222,2026-10-01,10,69.79097747802734,Product 222,13.51,942.8761057281494
P222,2026-11-01,11,70.97731018066406,Product 222,13.51,958.9034605407714
P222,2026-12-01,12,75.41771697998047,Product 222,13.51,1018.8933563995361
P223,2026-01-01,1,51.450439453125,Product 223,24.88,1280.08693359375
P223,2026-02-01,2,52.51953887939453,Product 223,24.88,1306.6861273193358
P223,2026-03-01,3,49.39387893676758,Product 223,24.88,1228.9197079467774
P223,2026-04-01,4,57.183433532714844,Product 223,24.88,1422.7238262939452
P223,2026-05-01,5,56.19981002807617,Product 223,24.88,1398.251273498535
P223,2026-06-01,6,53.245628356933594,Product 223,24.88,1324.7512335205079
P223,2026-07-01,7,53.36833190917969,Product 223,24.88,1327.8040979003906
P223,2026-08-01,8,59.784828186035156,Product 223,24.88,1487.4465252685545
P223,2026-09-01,9,54.10476303100586,Product 223,24.88,1346.1265042114258
P223,2026-10-01,10,57.37539291381836,Product 223,24.88,1427.4997756958007
P223,2026-11-01,11,61.51826858520508,Product 223,24.88,1530.5745223999022
P223,2026-12-01,12,56.061485290527344,Product 223,24.88,1394.8097540283202
P224,2026-01-01,1,46.03354263305664,Product 224,29.49,1357.5291722488403
P224,2026-02-01,2,50.120426177978516,Product 224,29.49,1478.0513679885864
P224,2026-03-01,3,43.614192962646484,Product 224,29.49,1286.1825504684448
P224,2026-04-01,4,41.09425735473633,Product 224,29.49,1211.8696493911743
P224,2026-05-01,5,41.498897552490234,Product 224,29.49,1223.802488822937
P224,2026-06-01,6,45.45888900756836,Product 224,29.49,1340.582636833191
P224,2026-07-01,7,42.869293212890625,Product 224,29.49,1264.2154568481444
P224,2026-08-01,8,43.55116271972656,Product 224,29.49,1284.3237886047364
P224,2026-09-01,9,42.0645866394043,Product 224,29.49,1240.4846599960326
P224,2026-10-01,10,40.4041862487793,Product 224,29.49,1191.5194524765013
P224,2026-11-01,11,37.16588592529297,Product 224,29.49,1096.0219759368897
P224,2026-12-01,12,45.391334533691406,Product 224,29.49,1338.5904553985595
P225,2026-01-01,1,49.53138732910156,Product 225,28.87,1429.9711521911622
P225,2026-02-01,2,48.678768157958984,Product 225,28.87,1405.3560367202758
P225,2026-03-01,3,43.03824234008789,Product 225,28.87,1242.5140563583375
P225,2026-04-01,4,51.77968215942383,Product 225,28.87,1494.879423942566
P225,2026-05-01,5,45.42181396484375,Product 225,28.87,1311.3277691650392
P225,2026-06-01,6,45.92154312133789,Product 225,28.87,1325.754949913025
P225,2026-07-01,7,59.91786575317383,Product 225,28.87,1729.8287842941286
P225,2026-08-01,8,51.242462158203125,Product 225,28.87,1479.3698825073243
P225,2026-09-01,9,47.424400329589844,Product 225,28.87,1369.1424375152587
P225,2026-10-01,10,51.984310150146484,Product 225,28.87,1500.787034034729
P225,2026-11-01,11,46.19306945800781,Product 225,28.87,1333.5939152526855
P225,2026-12-01,12,54.89998245239258,Product 225,28.87,1584.9624934005737
P226,2026-01-01,1,39.28721237182617,Product 226,11.58,454.9459192657471
P226,2026-02-01,2,35.038665771484375,Product 226,11.58,405.74774963378906
P226,2026-03-01,3,44.11552810668945,Product 226,11.58,510.8578154754639
P226,2026-04-01,4,37.32274627685547,Product 226,11.58,432.1974018859863
P226,2026-05-01,5,41.995628356933594,Product 226,11.58,486.309376373291
P226,2026-06-01,6,41.323909759521484,Product 226,11.58,478.5308750152588
P226,2026-07-01,7,42.770626068115234,Product 226,11.58,495.28384986877444
P226,2026-08-01,8,43.48633575439453,Product 226,11.58,503.5717680358887
P226,2026-09-01,9,47.28166198730469,Product 226,11.58,547.5216458129883
P226,2026-10-01,10,40.69662094116211,Product 226,11.58,471.2668704986572
P226,2026-11-01,11,43.35239791870117,Product 226,11.58,502.0207678985596
P226,2026-12-01,12,40.41089630126953,Product 226,11.58,467.9581791687012
P227,2026-01-01,1,77.6825180053711,Product 227,33.89,2632.6605352020265
P227,2026-02-01,2,75.71696472167969,Product 227,33.89,2566.0479344177247
P227,2026-03-01,3,69.81291198730469,Product 227,33.89,2365.9595872497557
P227,2026-04-01,4,69.97787475585938,Product 227,33.89,2371.5501754760744
P227,2026-05-01,5,73.5997543334961,Product 227,33.89,2494.2956743621826
P227,2026-06-01,6,77.61251831054688,Product 227,33.89,2630.2882455444337
P227,2026-07-01,7,89.2791519165039,Product 227,33.89,3025.6704584503173
P227,2026-08-01,8,93.35568237304688,Product 227,33.89,3163.8240756225587
P227,2026-09-01,9,81.64678192138672,Product 227,33.89,2767.009439315796
P227,2026-10-01,10,76.43878936767578,Product 227,33.89,2590.510571670532
P227,2026-11-01,11,69.36357879638672,Product 227,33.89,2350.731685409546
P227,2026-12-01,12,69.81947326660156,Product 227,33.89,2366.181949005127
P228,2026-01-01,1,219.53086853027344,Product 228,34.71,7619.916446685791
P228,2026-02-01,2,206.64459228515625,Product 228,34.71,7172.633798217774
P228,2026-03-01,3,289.78167724609375,Product 228,34.71,10058.322017211914
P228,2026-04-01,4,183.31198120117188,Product 228,34.71,6362.758867492676
P228,2026-05-01,5,243.0631866455078,Product 228,34.71,8436.723208465577
P228,2026-06-01,6,272.6138916015625,Product 228,34.71,9462.428177490234
P228,2026-07-01,7,311.7239990234375,Product 228,34.71,10819.940006103516
P228,2026-08-01,8,267.20892333984375,Product 228,34.71,9274.821729125977
P228,2026-09-01,9,228.61788940429688,Product 228,34.71,7935.326941223145
P228,2026-10-01,10,173.18740844726562,Product 228,34.71,6011.33494720459
P228,2026-11-01,11,253.92906188964844,Product 228,34.71,8813.877738189698
P228,2026-12-01,12,215.75009155273438,Product 228,34.71,7488.68567779541
P229,2026-01-01,1,52.4660530090332,Product 229,48.03,2519.944526023865
P229,2026-02-01,2,46.92750930786133,Product 229,48.03,2253.9282720565798
P229,2026-03-01,3,46.92405700683594,Product 229,48.03,2253.7624580383304
P229,2026-04-01,4,46.142581939697266,Product 229,48.03,2216.2282105636596
P229,2026-05-01,5,47.59558868408203,Product 229,48.03,2286.01612449646
P229,2026-06-01,6,50.617305755615234,Product 229,48.03,2431.1491954422
P229,2026-07-01,7,53.05281448364258,Product 229,48.03,2548.1266796493533
P229,2026-08-01,8,49.28410720825195,Product 229,48.03,2367.1156692123413
P229,2026-09-01,9,46.52335739135742,Product 229,48.03,2234.516855506897
P229,2026-10-01,10,46.12841033935547,Product 229,48.03,2215.5475485992433
P229,2026-11-01,11,46.20051193237305,Product 229,48.03,2219.0105881118775
P229,2026-12-01,12,50.0536994934082,Product 229,48.03,2404.0791866683962
P230,2026-01-01,1,64.15522766113281,Product 230,24.74,1587.2003323364256
P230,2026-02-01,2,62.07292556762695,Product 230,24.74,1535.6841785430906
P230,2026-03-01,3,65.0624008178711,Product 230,24.74,1609.6437962341308
P230,2026-04-01,4,57.38117218017578,Product 230,24.74,1419.6101997375488
P230,2026-05-01,5,65.52110290527344,Product 230,24.74,1620.9920858764647
P230,2026-06-01,6,65.04851531982422,Product 230,24.74,1609.300269012451
P230,2026-07-01,7,63.1878776550293,Product 230,24.74,1563.2680931854247
P230,2026-08-01,8,60.80104446411133,Product 230,24.74,1504.2178400421142
P230,2026-09-01,9,63.02497482299805,Product 230,24.74,1559.2378771209717
P230,2026-10-01,10,59.11040115356445,Product 230,24.74,1462.3913245391846
P230,2026-11-01,11,60.105445861816406,Product 230,24.74,1487.0087306213377
P230,2026-12-01,12,62.66522979736328,Product 230,24.74,1550.3377851867674
P231,2026-01-01,1,32.0597038269043,Product 231,57.74,1851.1272989654542
P231,2026-02-01,2,30.273052215576172,Product 231,57.74,1747.9660349273681
P231,2026-03-01,3,30.273052215576172,Product 231,57.74,1747.9660349273681
P231,2026-04-01,4,30.273052215576172,Product 231,57.74,1747.9660349273681
P231,2026-05-01,5,32.88520050048828,Product 231,57.74,1898.7914768981934
P231,2026-06-01,6,34.05369567871094,Product 231,57.74,1966.2603884887696
P231,2026-07-01,7,32.899139404296875,Product 231,57.74,1899.5963092041015
P231,2026-08-01,8,33.01038360595703,Product 231,57.74,1906.019549407959
P231,2026-09-01,9,30.79848289489746,Product 231,57.74,1778.3044023513794
P231,2026-10-01,10,30.687238693237305,Product 231,57.74,1771.881162147522
P231,2026-11-01,11,30.44123077392578,Product 231,57.74,1757.6766648864748
P231,2026-12-01,12,30.44123077392578,Product 231,57.74,1757.6766648864748
P232,2026-01-01,1,109.88189697265625,Product 232,9.62,1057.063848876953
P232,2026-02-01,2,98.358642578125,Product 232,9.62,946.2101416015624
P232,2026-03-01,3,89.35485076904297,Product 232,9.62,859.5936643981933
P232,2026-04-01,4,85.95046997070312,Product 232,9.62,826.843521118164
P232,2026-05-01,5,97.30168151855469,Product 232,9.62,936.042176208496
P232,2026-06-01,6,100.47701263427734,Product 232,9.62,966.588861541748
P232,2026-07-01,7,100.3824234008789,Product 232,9.62,965.678913116455
P232,2026-08-01,8,105.32076263427734,Product 232,9.62,1013.1857365417479
P232,2026-09-01,9,90.23355102539062,Product 232,9.62,868.0467608642577
P232,2026-10-01,10,87.93317413330078,Product 232,9.62,845.9171351623535
P232,2026-11-01,11,93.79898071289062,Product 232,9.62,902.3461944580077
P232,2026-12-01,12,92.3532943725586,Product 232,9.62,888.4386918640135
P233,2026-01-01,1,30.6344051361084,Product 233,75.42,2310.4468353652956
P233,2026-02-01,2,30.12592315673828,Product 233,75.42,2272.0971244812013
P233,2026-03-01,3,30.237167358398438,Product 233,75.42,2280.48716217041
P233,2026-04-01,4,30.12592315673828,Product 233,75.42,2272.0971244812013
P233,2026-05-01,5,32.73807144165039,Product 233,75.42,2469.1053481292724
P233,2026-06-01,6,38.463478088378906,Product 233,75.42,2900.915517425537
P233,2026-07-01,7,34.2210693359375,Product 233,75.42,2580.953049316406
P233,2026-08-01,8,34.57976531982422,Product 233,75.42,2608.0059004211425
P233,2026-09-01,9,32.13225555419922,Product 233,75.42,2423.414713897705
P233,2026-10-01,10,31.415424346923828,Product 233,75.42,2369.3513042449954
P233,2026-11-01,11,30.804346084594727,Product 233,75.42,2323.263781700134
P233,2026-12-01,12,30.558338165283203,Product 233,75.42,2304.7098644256594
P234,2026-01-01,1,47.08628845214844,Product 234,53.58,2522.883335266113
P234,2026-02-01,2,51.253639221191406,Product 234,53.58,2746.1699894714357
P234,2026-03-01,3,46.0606803894043,Product 234,53.58,2467.9312552642823
P234,2026-04-01,4,46.53277587890625,Product 234,53.58,2493.2261315917967
P234,2026-05-01,5,48.40302658081055,Product 234,53.58,2593.434164199829
P234,2026-06-01,6,54.77710723876953,Product 234,53.58,2934.957405853271
P234,2026-07-01,7,51.011051177978516,Product 234,53.58,2733.1721221160888
P234,2026-08-01,8,58.81922912597656,Product 234,53.58,3151.534296569824
P234,2026-09-01,9,48.613807678222656,Product 234,53.58,2604.7278153991697
P234,2026-10-01,10,50.64691925048828,Product 234,53.58,2713.661933441162
P234,2026-11-01,11,48.39217758178711,Product 234,53.58,2592.8528748321532
P234,2026-12-01,12,48.48737335205078,Product 234,53.58,2597.9534642028807
P235,2026-01-01,1,136.48118591308594,Product 235,36.09,4925.605999603272
P235,2026-02-01,2,132.89073181152344,Product 235,36.09,4796.026511077881
P235,2026-03-01,3,126.00056457519531,Product 235,36.09,4547.3603755188
P235,2026-04-01,4,128.52703857421875,Product 235,36.09,4638.5408221435555
P235,2026-05-01,5,138.3316650390625,Product 235,36.09,4992.389791259766
P235,2026-06-01,6,130.93553161621094,Product 235,36.09,4725.463336029054
P235,2026-07-01,7,141.3686981201172,Product 235,36.09,5101.99631515503
P235,2026-08-01,8,154.4368438720703,Product 235,36.09,5573.625695343018
P235,2026-09-01,9,125.33841705322266,Product 235,36.09,4523.4634714508065
P235,2026-10-01,10,125.05299377441406,Product 235,36.09,4513.162545318604
P235,2026-11-01,11,126.24359130859375,Product 235,36.09,4556.131210327148
P235,2026-12-01,12,122.05918884277344,Product 235,36.09,4405.116125335694
P236,2026-01-01,1,32.803916931152344,Product 236,40.13,1316.4211864471436
P236,2026-02-01,2,31.130144119262695,Product 236,40.13,1249.252683506012
P236,2026-03-01,3,30.519060134887695,Product 236,40.13,1224.7298832130432
P236,2026-04-01,4,30.273052215576172,Product 236,40.13,1214.8575854110718
P236,2026-05-01,5,34.98114013671875,Product 236,40.13,1403.7931536865235
P236,2026-06-01,6,36.3956413269043,Product 236,40.13,1460.5570864486695
P236,2026-07-01,7,34.995079040527344,Product 236,40.13,1404.3525218963623
P236,2026-08-01,8,34.22705841064453,Product 236,40.13,1373.5318540191652
P236,2026-09-01,9,32.51498031616211,Product 236,40.13,1304.8261600875855
P236,2026-10-01,10,32.783164978027344,Product 236,40.13,1315.5884105682374
P236,2026-11-01,11,31.29831886291504,Product 236,40.13,1256.0015359687807
P236,2026-12-01,12,31.29831886291504,Product 236,40.13,1256.0015359687807
P237,2026-01-01,1,91.98643493652344,Product 237,58.81,5409.722238616943
P237,2026-02-01,2,80.13778686523438,Product 237,58.81,4712.903245544434
P237,2026-03-01,3,75.16851043701172,Product 237,58.81,4420.660098800659
P237,2026-04-01,4,77.50992584228516,Product 237,58.81,4558.35873878479
P237,2026-05-01,5,77.3199234008789,Product 237,58.81,4547.1846952056885
P237,2026-06-01,6,76.62683868408203,Product 237,58.81,4506.424383010864
P237,2026-07-01,7,82.42440795898438,Product 237,58.81,4847.379432067872
P237,2026-08-01,8,81.2846450805664,Product 237,58.81,4780.349977188111
P237,2026-09-01,9,75.27265930175781,Product 237,58.81,4426.785093536377
P237,2026-10-01,10,72.08467102050781,Product 237,58.81,4239.299502716065
P237,2026-11-01,11,72.06538391113281,Product 237,58.81,4238.165227813721
P237,2026-12-01,12,71.15766906738281,Product 237,58.81,4184.782517852784
P238,2026-01-01,1,131.5364532470703,Product 238,53.6,7050.353894042969
P238,2026-02-01,2,139.9823760986328,Product 238,53.6,7503.055358886719
P238,2026-03-01,3,132.1568603515625,Product 238,53.6,7083.60771484375
P238,2026-04-01,4,121.3621826171875,Product 238,53.6,6505.01298828125
P238,2026-05-01,5,124.73416137695312,Product 238,53.6,6685.751049804688
P238,2026-06-01,6,143.43150329589844,Product 238,53.6,7687.928576660156
P238,2026-07-01,7,130.7045135498047,Product 238,53.6,7005.761926269532
P238,2026-08-01,8,135.81942749023438,Product 238,53.6,7279.921313476562
P238,2026-09-01,9,118.4963607788086,Product 238,53.6,6351.404937744141
P238,2026-10-01,10,114.49317932128906,Product 238,53.6,6136.834411621094
P238,2026-11-01,11,109.58131408691406,Product 238,53.6,5873.558435058594
P238,2026-12-01,12,141.13006591796875,Product 238,53.6,7564.571533203125
P239,2026-01-01,1,253.79278564453125,Product 239,12.94,3284.0786462402343
P239,2026-02-01,2,198.1682891845703,Product 239,12.94,2564.2976620483396
P239,2026-03-01,3,141.4494171142578,Product 239,12.94,1830.355457458496
P239,2026-04-01,4,175.4769287109375,Product 239,12.94,2270.671457519531
P239,2026-05-01,5,123.9483871459961,Product 239,12.94,1603.8921296691894
P239,2026-06-01,6,266.0665283203125,Product 239,12.94,3442.900876464844
P239,2026-07-01,7,268.8523254394531,Product 239,12.94,3478.949091186523
P239,2026-08-01,8,199.8702850341797,Product 239,12.94,2586.321488342285
P239,2026-09-01,9,140.93760681152344,Product 239,12.94,1823.7326321411133
P239,2026-10-01,10,166.5289306640625,Product 239,12.94,2154.8843627929687
P239,2026-11-01,11,123.69841003417969,Product 239,12.94,1600.6574258422852
P239,2026-12-01,12,236.08663940429688,Product 239,12.94,3054.9611138916016
P240,2026-01-01,1,39.14113235473633,Product 240,65.05,2546.130659675598
P240,2026-02-01,2,39.447086334228516,Product 240,65.05,2566.032966041565
P240,2026-03-01,3,35.33021926879883,Product 240,65.05,2298.2307634353638
P240,2026-04-01,4,39.3022346496582,Product 240,65.05,2556.610363960266
P240,2026-05-01,5,43.7022819519043,Product 240,65.05,2842.8334409713743
P240,2026-06-01,6,49.194576263427734,Product 240,65.05,3200.107185935974
P240,2026-07-01,7,46.773929595947266,Product 240,65.05,3042.6441202163696
P240,2026-08-01,8,47.311161041259766,Product 240,65.05,3077.591025733948
P240,2026-09-01,9,44.26168441772461,Product 240,65.05,2879.222571372986
P240,2026-10-01,10,45.05361557006836,Product 240,65.05,2930.737692832947
P240,2026-11-01,11,46.00386428833008,Product 240,65.05,2992.5513719558717
P240,2026-12-01,12,45.26987075805664,Product 240,65.05,2944.8050928115845
P241,2026-01-01,1,61.86039352416992,Product 241,33.44,2068.611559448242
P241,2026-02-01,2,57.599952697753906,Product 241,33.44,1926.1424182128906
P241,2026-03-01,3,60.344364166259766,Product 241,33.44,2017.9155377197264
P241,2026-04-01,4,58.25307846069336,Product 241,33.44,1947.9829437255858
P241,2026-05-01,5,59.12605285644531,Product 241,33.44,1977.175207519531
P241,2026-06-01,6,67.93417358398438,Product 241,33.44,2271.718764648437
P241,2026-07-01,7,65.15267181396484,Product 241,33.44,2178.705345458984
P241,2026-08-01,8,62.77158737182617,Product 241,33.44,2099.081881713867
P241,2026-09-01,9,65.07364654541016,Product 241,33.44,2176.0627404785155
P241,2026-10-01,10,57.398353576660156,Product 241,33.44,1919.4009436035155
P241,2026-11-01,11,58.95990753173828,Product 241,33.44,1971.619307861328
P241,2026-12-01,12,61.011817932128906,Product 241,33.44,2040.2351916503906
P242,2026-01-01,1,241.56198120117188,Product 242,67.87,16394.811664123536
P242,2026-02-01,2,204.20616149902344,Product 242,67.87,13859.472180938721
P242,2026-03-01,3,259.3747253417969,Product 242,67.87,17603.762608947756
P242,2026-04-01,4,162.9070587158203,Product 242,67.87,11056.502075042725
P242,2026-05-01,5,268.5441589355469,Product 242,67.87,18226.092066955567
P242,2026-06-01,6,316.9882507324219,Product 242,67.87,21513.992577209476
P242,2026-07-01,7,244.27391052246094,Product 242,67.87,16578.870307159425
P242,2026-08-01,8,283.89599609375,Product 242,67.87,19268.021254882813
P242,2026-09-01,9,271.6260681152344,Product 242,67.87,18435.26124298096
P242,2026-10-01,10,208.22203063964844,Product 242,67.87,14132.02921951294
P242,2026-11-01,11,355.4117126464844,Product 242,67.87,24121.792937316895
P242,2026-12-01,12,268.3879089355469,Product 242,67.87,18215.487379455568
P243,2026-01-01,1,89.72232055664062,Product 243,38.31,3437.2621005249025
P243,2026-02-01,2,87.25547790527344,Product 243,38.31,3342.7573585510254
P243,2026-03-01,3,85.12593841552734,Product 243,38.31,3261.1747006988526
P243,2026-04-01,4,81.03549194335938,Product 243,38.31,3104.469696350098
P243,2026-05-01,5,77.30780029296875,Product 243,38.31,2961.661829223633
P243,2026-06-01,6,78.51557159423828,Product 243,38.31,3007.931547775269
P243,2026-07-01,7,92.95085144042969,Product 243,38.31,3560.9471186828614
P243,2026-08-01,8,89.03439331054688,Product 243,38.31,3410.907607727051
P243,2026-09-01,9,89.97737121582031,Product 243,38.31,3447.0330912780764
P243,2026-10-01,10,79.95942687988281,Product 243,38.31,3063.245643768311
P243,2026-11-01,11,72.12454223632812,Product 243,38.31,2763.0912130737306
P243,2026-12-01,12,69.75150299072266,Product 243,38.31,2672.1800795745853
P244,2026-01-01,1,44.41569137573242,Product 244,13.56,602.2767750549317
P244,2026-02-01,2,39.174232482910156,Product 244,13.56,531.2025924682617
P244,2026-03-01,3,38.715267181396484,Product 244,13.56,524.9790229797363
P244,2026-04-01,4,36.87574768066406,Product 244,13.56,500.0351385498047
P244,2026-05-01,5,43.68855285644531,Product 244,13.56,592.4167767333985
P244,2026-06-01,6,46.30476760864258,Product 244,13.56,627.8926487731934
P244,2026-07-01,7,45.5313606262207,Product 244,13.56,617.4052500915527
P244,2026-08-01,8,46.39717483520508,Product 244,13.56,629.1456907653809
P244,2026-09-01,9,43.46733093261719,Product 244,13.56,589.4170074462891
P244,2026-10-01,10,40.965797424316406,Product 244,13.56,555.4962130737305
P244,2026-11-01,11,43.355499267578125,Product 244,13.56,587.9005700683593
P244,2026-12-01,12,40.54993438720703,Product 244,13.56,549.8571102905273
P245,2026-01-01,1,39.705230712890625,Product 245,12.49,495.9183316040039
P245,2026-02-01,2,41.12324142456055,Product 245,12.49,513.6292853927613
P245,2026-03-01,3,34.48701477050781,Product 245,12.49,430.7428144836426
P245,2026-04-01,4,34.889007568359375,Product 245,12.49,435.7637045288086
P245,2026-05-01,5,43.53915786743164,Product 245,12.49,543.8040817642212
P245,2026-06-01,6,44.48311233520508,Product 245,12.49,555.5940730667114
P245,2026-07-01,7,44.789703369140625,Product 245,12.49,559.4233950805664
P245,2026-08-01,8,47.77351760864258,Product 245,12.49,596.6912349319458
P245,2026-09-01,9,45.24029541015625,Product 245,12.49,565.0512896728516
P245,2026-10-01,10,45.107093811035156,Product 245,12.49,563.3876016998291
P245,2026-11-01,11,45.85789489746094,Product 245,12.49,572.7651072692871
P245,2026-12-01,12,42.362064361572266,Product 245,12.49,529.1021838760377
P246,2026-01-01,1,44.01361846923828,Product 246,39.17,1724.0134354400636
P246,2026-02-01,2,58.07277297973633,Product 246,39.17,2274.710517616272
P246,2026-03-01,3,44.97621154785156,Product 246,39.17,1761.7182063293458
P246,2026-04-01,4,46.589813232421875,Product 246,39.17,1824.922984313965
P246,2026-05-01,5,49.72005844116211,Product 246,39.17,1947.5346891403199
P246,2026-06-01,6,45.35599136352539,Product 246,39.17,1776.5941817092896
P246,2026-07-01,7,67.61810302734375,Product 246,39.17,2648.601095581055
P246,2026-08-01,8,54.44180679321289,Product 246,39.17,2132.485572090149
P246,2026-09-01,9,48.16020965576172,Product 246,39.17,1886.4354122161867
P246,2026-10-01,10,44.746681213378906,Product 246,39.17,1752.727503128052
P246,2026-11-01,11,48.20259094238281,Product 246,39.17,1888.095487213135
P246,2026-12-01,12,41.876399993896484,Product 246,39.17,1640.2985877609253
P247,2026-01-01,1,64.31884765625,Product 247,64.26,4133.129150390625
P247,2026-02-01,2,71.62293243408203,Product 247,64.26,4602.489638214111
P247,2026-03-01,3,65.38191986083984,Product 247,64.26,4201.442170257568
P247,2026-04-01,4,61.875308990478516,Product 247,64.26,3976.1073557281497
P247,2026-05-01,5,76.7532958984375,Product 247,64.26,4932.166794433594
P247,2026-06-01,6,67.6955337524414,Product 247,64.26,4350.114998931886
P247,2026-07-01,7,70.01020050048828,Product 247,64.26,4498.855484161378
P247,2026-08-01,8,72.62079620361328,Product 247,64.26,4666.61236404419
P247,2026-09-01,9,64.1484603881836,Product 247,64.26,4122.180064544678
P247,2026-10-01,10,65.21322631835938,Product 247,64.26,4190.601923217774
P247,2026-11-01,11,70.55873107910156,Product 247,64.26,4534.1040591430665
P247,2026-12-01,12,66.46537780761719,Product 247,64.26,4271.0651779174805
P248,2026-01-01,1,179.93699645996094,Product 248,9.28,1669.8153271484373
P248,2026-02-01,2,216.8740692138672,Product 248,9.28,2012.5913623046874
P248,2026-03-01,3,189.69175720214844,Product 248,9.28,1760.3395068359373
P248,2026-04-01,4,139.53890991210938,Product 248,9.28,1294.921083984375
P248,2026-05-01,5,170.85888671875,Product 248,9.28,1585.57046875
P248,2026-06-01,6,183.35523986816406,Product 248,9.28,1701.5366259765624
P248,2026-07-01,7,208.8319091796875,Product 248,9.28,1937.9601171875
P248,2026-08-01,8,397.0002746582031,Product 248,9.28,3684.1625488281247
P248,2026-09-01,9,208.46939086914062,Product 248,9.28,1934.5959472656248
P248,2026-10-01,10,162.01925659179688,Product 248,9.28,1503.538701171875
P248,2026-11-01,11,143.81703186035156,Product 248,9.28,1334.6220556640624
P248,2026-12-01,12,179.05218505859375,Product 248,9.28,1661.6042773437498
P249,2026-01-01,1,138.4244842529297,Product 249,21.93,3035.648939666748
P249,2026-02-01,2,150.3208465576172,Product 249,21.93,3296.5361650085447
P249,2026-03-01,3,151.91470336914062,Product 249,21.93,3331.4894448852538
P249,2026-04-01,4,149.76834106445312,Product 249,21.93,3284.419719543457
P249,2026-05-01,5,163.03489685058594,Product 249,21.93,3575.3552879333497
P249,2026-06-01,6,156.82443237304688,Product 249,21.93,3439.159801940918
P249,2026-07-01,7,173.54417419433594,Product 249,21.93,3805.823740081787
P249,2026-08-01,8,211.2563018798828,Product 249,21.93,4632.85070022583
P249,2026-09-01,9,189.15176391601562,Product 249,21.93,4148.098182678223
P249,2026-10-01,10,160.6636962890625,Product 249,21.93,3523.3548596191404
P249,2026-11-01,11,150.733642578125,Product 249,21.93,3305.5887817382813
P249,2026-12-01,12,188.3332977294922,Product 249,21.93,4130.149219207764
P250,2026-01-01,1,41.3231315612793,Product 250,62.75,2593.026505470276
P250,2026-02-01,2,38.427974700927734,Product 250,62.75,2411.3554124832153
P250,2026-03-01,3,36.727542877197266,Product 250,62.75,2304.6533155441284
P250,2026-04-01,4,40.1998405456543,Product 250,62.75,2522.539994239807
P250,2026-05-01,5,36.646549224853516,Product 250,62.75,2299.570963859558
P250,2026-06-01,6,46.08098602294922,Product 250,62.75,2891.5818729400635
P250,2026-07-01,7,48.32069778442383,Product 250,62.75,3032.123785972595
P250,2026-08-01,8,46.09463119506836,Product 250,62.75,2892.4381074905396
P250,2026-09-01,9,44.852935791015625,Product 250,62.75,2814.5217208862305
P250,2026-10-01,10,43.98499298095703,Product 250,62.75,2760.0583095550537
P250,2026-11-01,11,40.59418869018555,Product 250,62.75,2547.285340309143
P250,2026-12-01,12,39.02329635620117,Product 250,62.75,2448.7118463516235
